2021-11-30 23:00:00+00:00	1.30043
2021-12-01 00:00:00+00:00	1.12077
2021-12-01 01:00:00+00:00	1.02818
2021-12-01 02:00:00+00:00	0.99119
2021-12-01 03:00:00+00:00	0.99068
2021-12-01 04:00:00+00:00	1.0568
2021-12-01 05:00:00+00:00	1.22143
2021-12-01 06:00:00+00:00	1.22215
2021-12-01 07:00:00+00:00	1.24146
2021-12-01 08:00:00+00:00	1.23145
2021-12-01 09:00:00+00:00	1.22205
2021-12-01 10:00:00+00:00	1.22133
2021-12-01 11:00:00+00:00	1.2197
2021-12-01 12:00:00+00:00	1.22092
2021-12-01 13:00:00+00:00	1.2245
2021-12-01 14:00:00+00:00	1.22593
2021-12-01 15:00:00+00:00	1.24555
2021-12-01 16:00:00+00:00	1.24402
2021-12-01 17:00:00+00:00	1.23462
2021-12-01 18:00:00+00:00	1.22154
2021-12-01 19:00:00+00:00	1.23584
2021-12-01 20:00:00+00:00	1.24392
2021-12-01 21:00:00+00:00	1.22184
2021-12-01 22:00:00+00:00	1.18516
2021-12-01 23:00:00+00:00	1.19498
2021-12-02 00:00:00+00:00	1.15544
2021-12-02 01:00:00+00:00	1.0879
2021-12-02 02:00:00+00:00	1.102
2021-12-02 03:00:00+00:00	1.1229
2021-12-02 04:00:00+00:00	1.15585
2021-12-02 05:00:00+00:00	1.35961
2021-12-02 06:00:00+00:00	1.52796
2021-12-02 07:00:00+00:00	2.00045
2021-12-02 08:00:00+00:00	2.00107
2021-12-02 09:00:00+00:00	1.95834
2021-12-02 10:00:00+00:00	2.22058
2021-12-02 11:00:00+00:00	2.16797
2021-12-02 12:00:00+00:00	2.25621
2021-12-02 13:00:00+00:00	2.51063
2021-12-02 14:00:00+00:00	2.9757
2021-12-02 15:00:00+00:00	3.19872
2021-12-02 16:00:00+00:00	3.46374
2021-12-02 17:00:00+00:00	2.98477
2021-12-02 18:00:00+00:00	2.18269
2021-12-02 19:00:00+00:00	1.67354
2021-12-02 20:00:00+00:00	1.60765
2021-12-02 21:00:00+00:00	1.42541
2021-12-02 22:00:00+00:00	1.30854
2021-12-02 23:00:00+00:00	1.45311
2021-12-03 00:00:00+00:00	1.32297
2021-12-03 01:00:00+00:00	1.2524
2021-12-03 02:00:00+00:00	1.18265
2021-12-03 03:00:00+00:00	1.22113
2021-12-03 04:00:00+00:00	1.34488
2021-12-03 05:00:00+00:00	1.68612
2021-12-03 06:00:00+00:00	2.31623
2021-12-03 07:00:00+00:00	2.56128
2021-12-03 08:00:00+00:00	2.1684
2021-12-03 09:00:00+00:00	1.80206
2021-12-03 10:00:00+00:00	1.59744
2021-12-03 11:00:00+00:00	1.39859
2021-12-03 12:00:00+00:00	1.40363
2021-12-03 13:00:00+00:00	1.39313
2021-12-03 14:00:00+00:00	1.43274
2021-12-03 15:00:00+00:00	1.59168
2021-12-03 16:00:00+00:00	1.61833
2021-12-03 17:00:00+00:00	1.42225
2021-12-03 18:00:00+00:00	1.34046
2021-12-03 19:00:00+00:00	1.21444
2021-12-03 20:00:00+00:00	1.23903
2021-12-03 21:00:00+00:00	1.24088
2021-12-03 22:00:00+00:00	1.15426
2021-12-03 23:00:00+00:00	1.21084
2021-12-04 00:00:00+00:00	1.22462
2021-12-04 01:00:00+00:00	1.26042
2021-12-04 02:00:00+00:00	1.29602
2021-12-04 03:00:00+00:00	1.32019
2021-12-04 04:00:00+00:00	1.32698
2021-12-04 05:00:00+00:00	1.33655
2021-12-04 06:00:00+00:00	1.31989
2021-12-04 07:00:00+00:00	1.36999
2021-12-04 08:00:00+00:00	1.38274
2021-12-04 09:00:00+00:00	1.49673
2021-12-04 10:00:00+00:00	1.53932
2021-12-04 11:00:00+00:00	1.50887
2021-12-04 12:00:00+00:00	1.39879
2021-12-04 13:00:00+00:00	1.39499
2021-12-04 14:00:00+00:00	1.3991
2021-12-04 15:00:00+00:00	1.43932
2021-12-04 16:00:00+00:00	1.45537
2021-12-04 17:00:00+00:00	1.47451
2021-12-04 18:00:00+00:00	1.45105
2021-12-04 19:00:00+00:00	1.3704
2021-12-04 20:00:00+00:00	1.33295
2021-12-04 21:00:00+00:00	1.29324
2021-12-04 22:00:00+00:00	1.20353
2021-12-04 23:00:00+00:00	1.14284
2021-12-05 00:00:00+00:00	1.09428
2021-12-05 01:00:00+00:00	1.09284
2021-12-05 02:00:00+00:00	1.09109
2021-12-05 03:00:00+00:00	1.09634
2021-12-05 04:00:00+00:00	1.12309
2021-12-05 05:00:00+00:00	1.11444
2021-12-05 06:00:00+00:00	1.09603
2021-12-05 07:00:00+00:00	1.11815
2021-12-05 08:00:00+00:00	1.21927
2021-12-05 09:00:00+00:00	1.32143
2021-12-05 10:00:00+00:00	1.32297
2021-12-05 11:00:00+00:00	1.33275
2021-12-05 12:00:00+00:00	1.33316
2021-12-05 13:00:00+00:00	1.34416
2021-12-05 14:00:00+00:00	1.37719
2021-12-05 15:00:00+00:00	1.48696
2021-12-05 16:00:00+00:00	1.7391
2021-12-05 17:00:00+00:00	1.67336
2021-12-05 18:00:00+00:00	1.65197
2021-12-05 19:00:00+00:00	1.56421
2021-12-05 20:00:00+00:00	1.48572
2021-12-05 21:00:00+00:00	1.37822
2021-12-05 22:00:00+00:00	1.33316
2021-12-05 23:00:00+00:00	1.32858
2021-12-06 00:00:00+00:00	1.30645
2021-12-06 01:00:00+00:00	1.29626
2021-12-06 02:00:00+00:00	1.33291
2021-12-06 03:00:00+00:00	1.40641
2021-12-06 04:00:00+00:00	1.68384
2021-12-06 05:00:00+00:00	1.46694
2021-12-06 06:00:00+00:00	1.93605
2021-12-06 07:00:00+00:00	1.97476
2021-12-06 08:00:00+00:00	3.62401
2021-12-06 09:00:00+00:00	2.3997
2021-12-06 10:00:00+00:00	1.6056
2021-12-06 11:00:00+00:00	1.53138
2021-12-06 12:00:00+00:00	1.50307
2021-12-06 13:00:00+00:00	1.54878
2021-12-06 14:00:00+00:00	1.57431
2021-12-06 15:00:00+00:00	2.33979
2021-12-06 16:00:00+00:00	1.93605
2021-12-06 17:00:00+00:00	2.03827
2021-12-06 18:00:00+00:00	1.49782
2021-12-06 19:00:00+00:00	1.46179
2021-12-06 20:00:00+00:00	1.52788
2021-12-06 21:00:00+00:00	1.38695
2021-12-06 22:00:00+00:00	1.30068
2021-12-06 23:00:00+00:00	1.28588
2021-12-07 00:00:00+00:00	1.22229
2021-12-07 01:00:00+00:00	1.17083
2021-12-07 02:00:00+00:00	1.16788
2021-12-07 03:00:00+00:00	1.29352
2021-12-07 04:00:00+00:00	1.32001
2021-12-07 05:00:00+00:00	1.40918
2021-12-07 06:00:00+00:00	1.88984
2021-12-07 07:00:00+00:00	2.72155
2021-12-07 08:00:00+00:00	2.76017
2021-12-07 09:00:00+00:00	2.70259
2021-12-07 10:00:00+00:00	2.16018
2021-12-07 11:00:00+00:00	1.92306
2021-12-07 12:00:00+00:00	1.87313
2021-12-07 13:00:00+00:00	1.95913
2021-12-07 14:00:00+00:00	1.87476
2021-12-07 15:00:00+00:00	1.79568
2021-12-07 16:00:00+00:00	2.61007
2021-12-07 17:00:00+00:00	1.8612
2021-12-07 18:00:00+00:00	1.51699
2021-12-07 19:00:00+00:00	1.46043
2021-12-07 20:00:00+00:00	1.42344
2021-12-07 21:00:00+00:00	1.24858
2021-12-07 22:00:00+00:00	1.12569
2021-12-07 23:00:00+00:00	1.13358
2021-12-08 00:00:00+00:00	1.08158
2021-12-08 01:00:00+00:00	1.08704
2021-12-08 02:00:00+00:00	1.08219
2021-12-08 03:00:00+00:00	1.05968
2021-12-08 04:00:00+00:00	1.11147
2021-12-08 05:00:00+00:00	1.18588
2021-12-08 06:00:00+00:00	1.36205
2021-12-08 07:00:00+00:00	1.38658
2021-12-08 08:00:00+00:00	1.38648
2021-12-08 09:00:00+00:00	1.39527
2021-12-08 10:00:00+00:00	1.3982
2021-12-08 11:00:00+00:00	1.41324
2021-12-08 12:00:00+00:00	1.43656
2021-12-08 13:00:00+00:00	1.44999
2021-12-08 14:00:00+00:00	1.4719
2021-12-08 15:00:00+00:00	1.50259
2021-12-08 16:00:00+00:00	1.52813
2021-12-08 17:00:00+00:00	1.43999
2021-12-08 18:00:00+00:00	1.399
2021-12-08 19:00:00+00:00	1.37467
2021-12-08 20:00:00+00:00	1.36437
2021-12-08 21:00:00+00:00	1.31632
2021-12-08 22:00:00+00:00	1.25211
2021-12-08 23:00:00+00:00	1.18834
2021-12-09 00:00:00+00:00	1.16265
2021-12-09 01:00:00+00:00	1.15777
2021-12-09 02:00:00+00:00	1.16315
2021-12-09 03:00:00+00:00	1.17483
2021-12-09 04:00:00+00:00	1.27222
2021-12-09 05:00:00+00:00	1.37966
2021-12-09 06:00:00+00:00	1.38687
2021-12-09 07:00:00+00:00	1.39723
2021-12-09 08:00:00+00:00	1.39357
2021-12-09 09:00:00+00:00	1.39652
2021-12-09 10:00:00+00:00	1.38931
2021-12-09 11:00:00+00:00	1.38565
2021-12-09 12:00:00+00:00	1.38585
2021-12-09 13:00:00+00:00	1.3891
2021-12-09 14:00:00+00:00	1.38991
2021-12-09 15:00:00+00:00	1.39662
2021-12-09 16:00:00+00:00	1.39601
2021-12-09 17:00:00+00:00	1.38626
2021-12-09 18:00:00+00:00	1.37539
2021-12-09 19:00:00+00:00	1.3696
2021-12-09 20:00:00+00:00	1.37499
2021-12-09 21:00:00+00:00	1.37235
2021-12-09 22:00:00+00:00	1.30847
2021-12-09 23:00:00+00:00	1.34056
2021-12-10 00:00:00+00:00	1.31796
2021-12-10 01:00:00+00:00	1.28716
2021-12-10 02:00:00+00:00	1.29455
2021-12-10 03:00:00+00:00	1.32546
2021-12-10 04:00:00+00:00	1.33904
2021-12-10 05:00:00+00:00	1.36042
2021-12-10 06:00:00+00:00	1.38555
2021-12-10 07:00:00+00:00	2.49284
2021-12-10 08:00:00+00:00	2.48757
2021-12-10 09:00:00+00:00	1.80336
2021-12-10 10:00:00+00:00	1.40602
2021-12-10 11:00:00+00:00	1.40612
2021-12-10 12:00:00+00:00	1.40612
2021-12-10 13:00:00+00:00	1.46024
2021-12-10 14:00:00+00:00	1.68236
2021-12-10 15:00:00+00:00	1.45892
2021-12-10 16:00:00+00:00	1.46024
2021-12-10 17:00:00+00:00	1.44777
2021-12-10 18:00:00+00:00	1.43166
2021-12-10 19:00:00+00:00	1.42112
2021-12-10 20:00:00+00:00	1.46348
2021-12-10 21:00:00+00:00	1.38829
2021-12-10 22:00:00+00:00	1.35961
2021-12-10 23:00:00+00:00	1.37116
2021-12-11 00:00:00+00:00	1.35951
2021-12-11 01:00:00+00:00	1.35667
2021-12-11 02:00:00+00:00	1.35424
2021-12-11 03:00:00+00:00	1.35556
2021-12-11 04:00:00+00:00	1.36407
2021-12-11 05:00:00+00:00	1.36012
2021-12-11 06:00:00+00:00	1.36752
2021-12-11 07:00:00+00:00	1.41261
2021-12-11 08:00:00+00:00	1.59096
2021-12-11 09:00:00+00:00	1.98404
2021-12-11 10:00:00+00:00	2.02366
2021-12-11 11:00:00+00:00	1.98444
2021-12-11 12:00:00+00:00	1.4273
2021-12-11 13:00:00+00:00	1.66139
2021-12-11 14:00:00+00:00	1.72908
2021-12-11 15:00:00+00:00	2.58698
2021-12-11 16:00:00+00:00	2.76219
2021-12-11 17:00:00+00:00	1.99366
2021-12-11 18:00:00+00:00	1.42254
2021-12-11 19:00:00+00:00	1.40795
2021-12-11 20:00:00+00:00	1.37816
2021-12-11 21:00:00+00:00	1.3818
2021-12-11 22:00:00+00:00	1.31746
2021-12-11 23:00:00+00:00	1.33762
2021-12-12 00:00:00+00:00	1.22099
2021-12-12 01:00:00+00:00	1.15694
2021-12-12 02:00:00+00:00	1.13191
2021-12-12 03:00:00+00:00	1.11651
2021-12-12 04:00:00+00:00	1.10638
2021-12-12 05:00:00+00:00	1.10901
2021-12-12 06:00:00+00:00	1.14316
2021-12-12 07:00:00+00:00	1.1994
2021-12-12 08:00:00+00:00	1.32668
2021-12-12 09:00:00+00:00	1.34644
2021-12-12 10:00:00+00:00	1.36093
2021-12-12 11:00:00+00:00	1.36225
2021-12-12 12:00:00+00:00	1.36681
2021-12-12 13:00:00+00:00	1.38565
2021-12-12 14:00:00+00:00	1.4115
2021-12-12 15:00:00+00:00	1.66149
2021-12-12 16:00:00+00:00	1.76982
2021-12-12 17:00:00+00:00	1.66149
2021-12-12 18:00:00+00:00	1.54232
2021-12-12 19:00:00+00:00	1.4198
2021-12-12 20:00:00+00:00	1.40369
2021-12-12 21:00:00+00:00	1.38241
2021-12-12 22:00:00+00:00	1.36326
2021-12-12 23:00:00+00:00	1.34079
2021-12-13 00:00:00+00:00	1.33032
2021-12-13 01:00:00+00:00	1.2908
2021-12-13 02:00:00+00:00	1.25545
2021-12-13 03:00:00+00:00	1.31986
2021-12-13 04:00:00+00:00	1.36416
2021-12-13 05:00:00+00:00	1.38204
2021-12-13 06:00:00+00:00	1.399
2021-12-13 07:00:00+00:00	1.44025
2021-12-13 08:00:00+00:00	1.43345
2021-12-13 09:00:00+00:00	1.42186
2021-12-13 10:00:00+00:00	1.4181
2021-12-13 11:00:00+00:00	1.42156
2021-12-13 12:00:00+00:00	1.42105
2021-12-13 13:00:00+00:00	1.42552
2021-12-13 14:00:00+00:00	1.42339
2021-12-13 15:00:00+00:00	1.45356
2021-12-13 16:00:00+00:00	1.42542
2021-12-13 17:00:00+00:00	1.41069
2021-12-13 18:00:00+00:00	1.3858
2021-12-13 19:00:00+00:00	1.33764
2021-12-13 20:00:00+00:00	1.33551
2021-12-13 21:00:00+00:00	1.28897
2021-12-13 22:00:00+00:00	1.32169
2021-12-13 23:00:00+00:00	1.31978
2021-12-14 00:00:00+00:00	1.28012
2021-12-14 01:00:00+00:00	1.27807
2021-12-14 02:00:00+00:00	1.27981
2021-12-14 03:00:00+00:00	1.29006
2021-12-14 04:00:00+00:00	1.34283
2021-12-14 05:00:00+00:00	1.41129
2021-12-14 06:00:00+00:00	2.23324
2021-12-14 07:00:00+00:00	3.07415
2021-12-14 08:00:00+00:00	3.16904
2021-12-14 09:00:00+00:00	2.87012
2021-12-14 10:00:00+00:00	3.37266
2021-12-14 11:00:00+00:00	2.9769
2021-12-14 12:00:00+00:00	3.02486
2021-12-14 13:00:00+00:00	3.10981
2021-12-14 14:00:00+00:00	3.48825
2021-12-14 15:00:00+00:00	3.70396
2021-12-14 16:00:00+00:00	1.7803
2021-12-14 17:00:00+00:00	1.74064
2021-12-14 18:00:00+00:00	1.4574
2021-12-14 19:00:00+00:00	1.39161
2021-12-14 20:00:00+00:00	1.38679
2021-12-14 21:00:00+00:00	1.26854
2021-12-14 22:00:00+00:00	1.23144
2021-12-14 23:00:00+00:00	1.26671
2021-12-15 00:00:00+00:00	1.21332
2021-12-15 01:00:00+00:00	1.19011
2021-12-15 02:00:00+00:00	1.18653
2021-12-15 03:00:00+00:00	1.19399
2021-12-15 04:00:00+00:00	1.20821
2021-12-15 05:00:00+00:00	1.26262
2021-12-15 06:00:00+00:00	1.32982
2021-12-15 07:00:00+00:00	1.37901
2021-12-15 08:00:00+00:00	1.37523
2021-12-15 09:00:00+00:00	1.36173
2021-12-15 10:00:00+00:00	1.35856
2021-12-15 11:00:00+00:00	1.34987
2021-12-15 12:00:00+00:00	1.34946
2021-12-15 13:00:00+00:00	1.34946
2021-12-15 14:00:00+00:00	1.37012
2021-12-15 15:00:00+00:00	1.37247
2021-12-15 16:00:00+00:00	1.37063
2021-12-15 17:00:00+00:00	1.33974
2021-12-15 18:00:00+00:00	1.3247
2021-12-15 19:00:00+00:00	1.29924
2021-12-15 20:00:00+00:00	1.31806
2021-12-15 21:00:00+00:00	1.28584
2021-12-15 22:00:00+00:00	1.26569
2021-12-15 23:00:00+00:00	1.32869
2021-12-16 00:00:00+00:00	1.32423
2021-12-16 01:00:00+00:00	1.31865
2021-12-16 02:00:00+00:00	1.32159
2021-12-16 03:00:00+00:00	1.33661
2021-12-16 04:00:00+00:00	1.39708
2021-12-16 05:00:00+00:00	1.49194
2021-12-16 06:00:00+00:00	1.55728
2021-12-16 07:00:00+00:00	1.65732
2021-12-16 08:00:00+00:00	1.64068
2021-12-16 09:00:00+00:00	1.63794
2021-12-16 10:00:00+00:00	1.61125
2021-12-16 11:00:00+00:00	1.58295
2021-12-16 12:00:00+00:00	1.55484
2021-12-16 13:00:00+00:00	1.55738
2021-12-16 14:00:00+00:00	1.60334
2021-12-16 15:00:00+00:00	1.68897
2021-12-16 16:00:00+00:00	1.78414
2021-12-16 17:00:00+00:00	1.77582
2021-12-16 18:00:00+00:00	1.64037
2021-12-16 19:00:00+00:00	1.58761
2021-12-16 20:00:00+00:00	1.62028
2021-12-16 21:00:00+00:00	1.52177
2021-12-16 22:00:00+00:00	1.47216
2021-12-16 23:00:00+00:00	1.63219
2021-12-17 00:00:00+00:00	1.59321
2021-12-17 01:00:00+00:00	1.56502
2021-12-17 02:00:00+00:00	1.55321
2021-12-17 03:00:00+00:00	1.61082
2021-12-17 04:00:00+00:00	1.64838
2021-12-17 05:00:00+00:00	1.7983
2021-12-17 06:00:00+00:00	1.83759
2021-12-17 07:00:00+00:00	2.00401
2021-12-17 08:00:00+00:00	2.03597
2021-12-17 09:00:00+00:00	2.03403
2021-12-17 10:00:00+00:00	2.03586
2021-12-17 11:00:00+00:00	1.98518
2021-12-17 12:00:00+00:00	1.95362
2021-12-17 13:00:00+00:00	2.01642
2021-12-17 14:00:00+00:00	1.97724
2021-12-17 15:00:00+00:00	2.01978
2021-12-17 16:00:00+00:00	2.02904
2021-12-17 17:00:00+00:00	2.01612
2021-12-17 18:00:00+00:00	1.89744
2021-12-17 19:00:00+00:00	1.68013
2021-12-17 20:00:00+00:00	1.67759
2021-12-17 21:00:00+00:00	1.64492
2021-12-17 22:00:00+00:00	1.62761
2021-12-17 23:00:00+00:00	1.74853
2021-12-18 00:00:00+00:00	1.69672
2021-12-18 01:00:00+00:00	1.71738
2021-12-18 02:00:00+00:00	1.67952
2021-12-18 03:00:00+00:00	1.64247
2021-12-18 04:00:00+00:00	1.59759
2021-12-18 05:00:00+00:00	1.58578
2021-12-18 06:00:00+00:00	1.56644
2021-12-18 07:00:00+00:00	1.62812
2021-12-18 08:00:00+00:00	1.66721
2021-12-18 09:00:00+00:00	1.69662
2021-12-18 10:00:00+00:00	1.66303
2021-12-18 11:00:00+00:00	1.6155
2021-12-18 12:00:00+00:00	1.57061
2021-12-18 13:00:00+00:00	1.56797
2021-12-18 14:00:00+00:00	1.56695
2021-12-18 15:00:00+00:00	1.60481
2021-12-18 16:00:00+00:00	1.61621
2021-12-18 17:00:00+00:00	1.57825
2021-12-18 18:00:00+00:00	1.55962
2021-12-18 19:00:00+00:00	1.53886
2021-12-18 20:00:00+00:00	1.42354
2021-12-18 21:00:00+00:00	1.2904
2021-12-18 22:00:00+00:00	1.24684
2021-12-18 23:00:00+00:00	1.31097
2021-12-19 00:00:00+00:00	1.29529
2021-12-19 01:00:00+00:00	1.28715
2021-12-19 02:00:00+00:00	1.2844
2021-12-19 03:00:00+00:00	1.28409
2021-12-19 04:00:00+00:00	1.28837
2021-12-19 05:00:00+00:00	1.3127
2021-12-19 06:00:00+00:00	1.30191
2021-12-19 07:00:00+00:00	1.34801
2021-12-19 08:00:00+00:00	1.41804
2021-12-19 09:00:00+00:00	1.43494
2021-12-19 10:00:00+00:00	1.42252
2021-12-19 11:00:00+00:00	1.4498
2021-12-19 12:00:00+00:00	1.47687
2021-12-19 13:00:00+00:00	1.49845
2021-12-19 14:00:00+00:00	1.55412
2021-12-19 15:00:00+00:00	1.57774
2021-12-19 16:00:00+00:00	1.73723
2021-12-19 17:00:00+00:00	1.77611
2021-12-19 18:00:00+00:00	1.76828
2021-12-19 19:00:00+00:00	1.77642
2021-12-19 20:00:00+00:00	1.77072
2021-12-19 21:00:00+00:00	1.75372
2021-12-19 22:00:00+00:00	1.73469
2021-12-19 23:00:00+00:00	1.67141
2021-12-20 00:00:00+00:00	1.59589
2021-12-20 01:00:00+00:00	1.56297
2021-12-20 02:00:00+00:00	1.53046
2021-12-20 03:00:00+00:00	1.64848
2021-12-20 04:00:00+00:00	1.77913
2021-12-20 05:00:00+00:00	2.30308
2021-12-20 06:00:00+00:00	3.87593
2021-12-20 07:00:00+00:00	4.27635
2021-12-20 08:00:00+00:00	4.04511
2021-12-20 09:00:00+00:00	3.68749
2021-12-20 10:00:00+00:00	3.35321
2021-12-20 11:00:00+00:00	2.85719
2021-12-20 12:00:00+00:00	3.47224
2021-12-20 13:00:00+00:00	3.99466
2021-12-20 14:00:00+00:00	4.23049
2021-12-20 15:00:00+00:00	4.34494
2021-12-20 16:00:00+00:00	4.54357
2021-12-20 17:00:00+00:00	4.59708
2021-12-20 18:00:00+00:00	4.34046
2021-12-20 19:00:00+00:00	2.64622
2021-12-20 20:00:00+00:00	3.66955
2021-12-20 21:00:00+00:00	2.49478
2021-12-20 22:00:00+00:00	2.2035
2021-12-20 23:00:00+00:00	2.37147
2021-12-21 00:00:00+00:00	2.11836
2021-12-21 01:00:00+00:00	2.06153
2021-12-21 02:00:00+00:00	2.04123
2021-12-21 03:00:00+00:00	2.25111
2021-12-21 04:00:00+00:00	3.06413
2021-12-21 05:00:00+00:00	2.55303
2021-12-21 06:00:00+00:00	2.73145
2021-12-21 07:00:00+00:00	5.01046
2021-12-21 08:00:00+00:00	5.05065
2021-12-21 09:00:00+00:00	4.95038
2021-12-21 10:00:00+00:00	4.71554
2021-12-21 11:00:00+00:00	4.4674
2021-12-21 12:00:00+00:00	4.51906
2021-12-21 13:00:00+00:00	4.67829
2021-12-21 14:00:00+00:00	4.96246
2021-12-21 15:00:00+00:00	5.30955
2021-12-21 16:00:00+00:00	6.0909
2021-12-21 17:00:00+00:00	5.89534
2021-12-21 18:00:00+00:00	5.1085
2021-12-21 19:00:00+00:00	4.62318
2021-12-21 20:00:00+00:00	3.9352
2021-12-21 21:00:00+00:00	3.20367
2021-12-21 22:00:00+00:00	2.65868
2021-12-21 23:00:00+00:00	2.29367
2021-12-22 00:00:00+00:00	2.14738
2021-12-22 01:00:00+00:00	2.11378
2021-12-22 02:00:00+00:00	2.15181
2021-12-22 03:00:00+00:00	2.28351
2021-12-22 04:00:00+00:00	2.64119
2021-12-22 05:00:00+00:00	2.52599
2021-12-22 06:00:00+00:00	2.52619
2021-12-22 07:00:00+00:00	2.82511
2021-12-22 08:00:00+00:00	4.68484
2021-12-22 09:00:00+00:00	2.81233
2021-12-22 10:00:00+00:00	2.75368
2021-12-22 11:00:00+00:00	2.66504
2021-12-22 12:00:00+00:00	2.64562
2021-12-22 13:00:00+00:00	2.59048
2021-12-22 14:00:00+00:00	2.58596
2021-12-22 15:00:00+00:00	2.75287
2021-12-22 16:00:00+00:00	2.72007
2021-12-22 17:00:00+00:00	2.62107
2021-12-22 18:00:00+00:00	2.66514
2021-12-22 19:00:00+00:00	2.53756
2021-12-22 20:00:00+00:00	2.48081
2021-12-22 21:00:00+00:00	2.27748
2021-12-22 22:00:00+00:00	2.03691
2021-12-22 23:00:00+00:00	2.26766
2021-12-23 00:00:00+00:00	2.20229
2021-12-23 01:00:00+00:00	2.17976
2021-12-23 02:00:00+00:00	2.16264
2021-12-23 03:00:00+00:00	2.19257
2021-12-23 04:00:00+00:00	2.19147
2021-12-23 05:00:00+00:00	2.3024
2021-12-23 06:00:00+00:00	2.53006
2021-12-23 07:00:00+00:00	2.76953
2021-12-23 08:00:00+00:00	2.91619
2021-12-23 09:00:00+00:00	2.97856
2021-12-23 10:00:00+00:00	2.81538
2021-12-23 11:00:00+00:00	2.72608
2021-12-23 12:00:00+00:00	2.72227
2021-12-23 13:00:00+00:00	2.71977
2021-12-23 14:00:00+00:00	2.96304
2021-12-23 15:00:00+00:00	3.21102
2021-12-23 16:00:00+00:00	2.84321
2021-12-23 17:00:00+00:00	2.43305
2021-12-23 18:00:00+00:00	2.25765
2021-12-23 19:00:00+00:00	2.07024
2021-12-23 20:00:00+00:00	1.98194
2021-12-23 21:00:00+00:00	1.72084
2021-12-23 22:00:00+00:00	1.64035
2021-12-23 23:00:00+00:00	1.64986
2021-12-24 00:00:00+00:00	1.61452
2021-12-24 01:00:00+00:00	1.60201
2021-12-24 02:00:00+00:00	1.60832
2021-12-24 03:00:00+00:00	1.62273
2021-12-24 04:00:00+00:00	1.65166
2021-12-24 05:00:00+00:00	1.66097
2021-12-24 06:00:00+00:00	1.78772
2021-12-24 07:00:00+00:00	1.99085
2021-12-24 08:00:00+00:00	2.08075
2021-12-24 09:00:00+00:00	2.09406
2021-12-24 10:00:00+00:00	2.15623
2021-12-24 11:00:00+00:00	2.14322
2021-12-24 12:00:00+00:00	2.14332
2021-12-24 13:00:00+00:00	2.18597
2021-12-24 14:00:00+00:00	2.2181
2021-12-24 15:00:00+00:00	2.27977
2021-12-24 16:00:00+00:00	2.25384
2021-12-24 17:00:00+00:00	2.22691
2021-12-24 18:00:00+00:00	2.20639
2021-12-24 19:00:00+00:00	2.20269
2021-12-24 20:00:00+00:00	2.22231
2021-12-24 21:00:00+00:00	2.20819
2021-12-24 22:00:00+00:00	2.22912
2021-12-24 23:00:00+00:00	2.1248
2021-12-25 00:00:00+00:00	2.00176
2021-12-25 01:00:00+00:00	1.90175
2021-12-25 02:00:00+00:00	1.59931
2021-12-25 03:00:00+00:00	1.53173
2021-12-25 04:00:00+00:00	1.53293
2021-12-25 05:00:00+00:00	1.55225
2021-12-25 06:00:00+00:00	1.57368
2021-12-25 07:00:00+00:00	1.76399
2021-12-25 08:00:00+00:00	2.00196
2021-12-25 09:00:00+00:00	2.11769
2021-12-25 10:00:00+00:00	2.19878
2021-12-25 11:00:00+00:00	2.17085
2021-12-25 12:00:00+00:00	2.15253
2021-12-25 13:00:00+00:00	2.16424
2021-12-25 14:00:00+00:00	2.19237
2021-12-25 15:00:00+00:00	2.24594
2021-12-25 16:00:00+00:00	2.37488
2021-12-25 17:00:00+00:00	2.37528
2021-12-25 18:00:00+00:00	2.18497
2021-12-25 19:00:00+00:00	2.15954
2021-12-25 20:00:00+00:00	2.14672
2021-12-25 21:00:00+00:00	2.09597
2021-12-25 22:00:00+00:00	1.97193
2021-12-25 23:00:00+00:00	1.84048
2021-12-26 00:00:00+00:00	1.62313
2021-12-26 01:00:00+00:00	1.58929
2021-12-26 02:00:00+00:00	1.55776
2021-12-26 03:00:00+00:00	1.53063
2021-12-26 04:00:00+00:00	1.53163
2021-12-26 05:00:00+00:00	1.56427
2021-12-26 06:00:00+00:00	1.67539
2021-12-26 07:00:00+00:00	1.80173
2021-12-26 08:00:00+00:00	1.92107
2021-12-26 09:00:00+00:00	2.05142
2021-12-26 10:00:00+00:00	2.09106
2021-12-26 11:00:00+00:00	2.05172
2021-12-26 12:00:00+00:00	2.00156
2021-12-26 13:00:00+00:00	1.99715
2021-12-26 14:00:00+00:00	1.99806
2021-12-26 15:00:00+00:00	2.02138
2021-12-26 16:00:00+00:00	2.17796
2021-12-26 17:00:00+00:00	2.16264
2021-12-26 18:00:00+00:00	2.10327
2021-12-26 19:00:00+00:00	2.01327
2021-12-26 20:00:00+00:00	1.93568
2021-12-26 21:00:00+00:00	1.85159
2021-12-26 22:00:00+00:00	1.772
2021-12-26 23:00:00+00:00	1.75136
2021-12-27 00:00:00+00:00	1.63911
2021-12-27 01:00:00+00:00	1.63489
2021-12-27 02:00:00+00:00	1.57616
2021-12-27 03:00:00+00:00	1.57074
2021-12-27 04:00:00+00:00	1.5622
2021-12-27 05:00:00+00:00	1.60287
2021-12-27 06:00:00+00:00	1.67556
2021-12-27 07:00:00+00:00	1.75026
2021-12-27 08:00:00+00:00	2.0078
2021-12-27 09:00:00+00:00	2.058
2021-12-27 10:00:00+00:00	2.0582
2021-12-27 11:00:00+00:00	2.10891
2021-12-27 12:00:00+00:00	2.01121
2021-12-27 13:00:00+00:00	1.94846
2021-12-27 14:00:00+00:00	1.92396
2021-12-27 15:00:00+00:00	1.86944
2021-12-27 16:00:00+00:00	2.0583
2021-12-27 17:00:00+00:00	2.07939
2021-12-27 18:00:00+00:00	1.96844
2021-12-27 19:00:00+00:00	1.72697
2021-12-27 20:00:00+00:00	1.59353
2021-12-27 21:00:00+00:00	1.54573
2021-12-27 22:00:00+00:00	1.50467
2021-12-27 23:00:00+00:00	1.42332
2021-12-28 00:00:00+00:00	1.40387
2021-12-28 01:00:00+00:00	1.38602
2021-12-28 02:00:00+00:00	1.38113
2021-12-28 03:00:00+00:00	1.38403
2021-12-28 04:00:00+00:00	1.33137
2021-12-28 05:00:00+00:00	1.37954
2021-12-28 06:00:00+00:00	1.42392
2021-12-28 07:00:00+00:00	1.45613
2021-12-28 08:00:00+00:00	1.47587
2021-12-28 09:00:00+00:00	1.505
2021-12-28 10:00:00+00:00	1.51038
2021-12-28 11:00:00+00:00	1.50998
2021-12-28 12:00:00+00:00	1.50549
2021-12-28 13:00:00+00:00	1.5049
2021-12-28 14:00:00+00:00	1.50021
2021-12-28 15:00:00+00:00	1.50559
2021-12-28 16:00:00+00:00	1.5381
2021-12-28 17:00:00+00:00	1.5412
2021-12-28 18:00:00+00:00	1.53601
2021-12-28 19:00:00+00:00	1.47288
2021-12-28 20:00:00+00:00	1.49572
2021-12-28 21:00:00+00:00	1.46361
2021-12-28 22:00:00+00:00	1.45683
2021-12-28 23:00:00+00:00	1.40166
2021-12-29 00:00:00+00:00	1.39926
2021-12-29 01:00:00+00:00	1.39327
2021-12-29 02:00:00+00:00	1.38967
2021-12-29 03:00:00+00:00	1.39297
2021-12-29 04:00:00+00:00	1.40465
2021-12-29 05:00:00+00:00	1.43921
2021-12-29 06:00:00+00:00	1.77242
2021-12-29 07:00:00+00:00	1.91396
2021-12-29 08:00:00+00:00	1.9671
2021-12-29 09:00:00+00:00	1.97838
2021-12-29 10:00:00+00:00	1.98228
2021-12-29 11:00:00+00:00	1.99416
2021-12-29 12:00:00+00:00	1.99027
2021-12-29 13:00:00+00:00	1.99087
2021-12-29 14:00:00+00:00	1.93573
2021-12-29 15:00:00+00:00	1.89688
2021-12-29 16:00:00+00:00	1.93084
2021-12-29 17:00:00+00:00	1.80369
2021-12-29 18:00:00+00:00	1.63439
2021-12-29 19:00:00+00:00	1.41794
2021-12-29 20:00:00+00:00	1.39726
2021-12-29 21:00:00+00:00	1.34403
2021-12-29 22:00:00+00:00	1.28899
2021-12-29 23:00:00+00:00	1.31209
2021-12-30 00:00:00+00:00	1.22754
2021-12-30 01:00:00+00:00	1.18168
2021-12-30 02:00:00+00:00	1.22764
2021-12-30 03:00:00+00:00	1.22834
2021-12-30 04:00:00+00:00	1.19414
2021-12-30 05:00:00+00:00	1.29105
2021-12-30 06:00:00+00:00	1.33253
2021-12-30 07:00:00+00:00	1.4113
2021-12-30 08:00:00+00:00	1.46872
2021-12-30 09:00:00+00:00	1.49016
2021-12-30 10:00:00+00:00	1.49455
2021-12-30 11:00:00+00:00	1.47889
2021-12-30 12:00:00+00:00	1.4773
2021-12-30 13:00:00+00:00	1.4757
2021-12-30 14:00:00+00:00	1.4767
2021-12-30 15:00:00+00:00	1.47341
2021-12-30 16:00:00+00:00	1.50332
2021-12-30 17:00:00+00:00	1.49724
2021-12-30 18:00:00+00:00	1.47271
2021-12-30 19:00:00+00:00	1.45566
2021-12-30 20:00:00+00:00	1.42705
2021-12-30 21:00:00+00:00	1.3749
2021-12-30 22:00:00+00:00	1.36424
2021-12-30 23:00:00+00:00	1.39544
2021-12-31 00:00:00+00:00	1.28426
2021-12-31 01:00:00+00:00	1.14921
2021-12-31 02:00:00+00:00	1.13413
2021-12-31 03:00:00+00:00	1.14252
2021-12-31 04:00:00+00:00	1.12754
2021-12-31 05:00:00+00:00	1.23332
2021-12-31 06:00:00+00:00	1.24411
2021-12-31 07:00:00+00:00	1.36257
2021-12-31 08:00:00+00:00	1.40702
2021-12-31 09:00:00+00:00	1.44428
2021-12-31 10:00:00+00:00	1.44808
2021-12-31 11:00:00+00:00	1.45017
2021-12-31 12:00:00+00:00	1.45067
2021-12-31 13:00:00+00:00	1.45327
2021-12-31 14:00:00+00:00	1.46036
2021-12-31 15:00:00+00:00	1.46336
2021-12-31 16:00:00+00:00	1.47075
2021-12-31 17:00:00+00:00	1.44168
2021-12-31 18:00:00+00:00	1.41182
2021-12-31 19:00:00+00:00	1.41811
2021-12-31 20:00:00+00:00	1.40343
2021-12-31 21:00:00+00:00	1.39024
2021-12-31 22:00:00+00:00	1.38145
2021-12-31 23:00:00+00:00	1.32741
2022-01-01 00:00:00+00:00	1.29155
2022-01-01 01:00:00+00:00	1.31932
2022-01-01 02:00:00+00:00	1.11315
2022-01-01 03:00:00+00:00	1.12224
2022-01-01 04:00:00+00:00	1.13772
2022-01-01 05:00:00+00:00	1.22113
2022-01-01 06:00:00+00:00	1.18447
2022-01-01 07:00:00+00:00	1.18337
2022-01-01 08:00:00+00:00	1.17728
2022-01-01 09:00:00+00:00	1.19896
2022-01-01 10:00:00+00:00	1.16939
2022-01-01 11:00:00+00:00	1.17039
2022-01-01 12:00:00+00:00	1.19946
2022-01-01 13:00:00+00:00	1.24401
2022-01-01 14:00:00+00:00	1.2475
2022-01-01 15:00:00+00:00	1.35438
2022-01-01 16:00:00+00:00	1.49802
2022-01-01 17:00:00+00:00	1.50541
2022-01-01 18:00:00+00:00	1.43649
2022-01-01 19:00:00+00:00	1.40203
2022-01-01 20:00:00+00:00	1.39693
2022-01-01 21:00:00+00:00	1.34929
2022-01-01 22:00:00+00:00	1.23282
2022-01-01 23:00:00+00:00	1.13433
2022-01-02 00:00:00+00:00	1.11535
2022-01-02 01:00:00+00:00	1.06411
2022-01-02 02:00:00+00:00	1.04383
2022-01-02 03:00:00+00:00	1.03943
2022-01-02 04:00:00+00:00	1.05741
2022-01-02 05:00:00+00:00	1.11845
2022-01-02 06:00:00+00:00	1.05102
2022-01-02 07:00:00+00:00	1.11405
2022-01-02 08:00:00+00:00	1.1568
2022-01-02 09:00:00+00:00	1.21803
2022-01-02 10:00:00+00:00	1.21164
2022-01-02 11:00:00+00:00	1.12304
2022-01-02 12:00:00+00:00	1.11265
2022-01-02 13:00:00+00:00	1.11355
2022-01-02 14:00:00+00:00	1.18058
2022-01-02 15:00:00+00:00	1.22163
2022-01-02 16:00:00+00:00	1.29645
2022-01-02 17:00:00+00:00	1.35818
2022-01-02 18:00:00+00:00	1.28186
2022-01-02 19:00:00+00:00	1.1619
2022-01-02 20:00:00+00:00	1.10077
2022-01-02 21:00:00+00:00	1.04693
2022-01-02 22:00:00+00:00	1.10037
2022-01-02 23:00:00+00:00	1.25006
2022-01-03 00:00:00+00:00	1.23426
2022-01-03 01:00:00+00:00	1.22746
2022-01-03 02:00:00+00:00	1.21566
2022-01-03 03:00:00+00:00	1.22226
2022-01-03 04:00:00+00:00	1.23586
2022-01-03 05:00:00+00:00	1.20696
2022-01-03 06:00:00+00:00	1.21016
2022-01-03 07:00:00+00:00	1.26616
2022-01-03 08:00:00+00:00	1.32577
2022-01-03 09:00:00+00:00	1.22986
2022-01-03 10:00:00+00:00	1.23146
2022-01-03 11:00:00+00:00	1.23986
2022-01-03 12:00:00+00:00	1.26686
2022-01-03 13:00:00+00:00	1.33767
2022-01-03 14:00:00+00:00	1.37738
2022-01-03 15:00:00+00:00	1.37498
2022-01-03 16:00:00+00:00	1.43749
2022-01-03 17:00:00+00:00	1.45149
2022-01-03 18:00:00+00:00	1.42829
2022-01-03 19:00:00+00:00	1.42238
2022-01-03 20:00:00+00:00	1.39618
2022-01-03 21:00:00+00:00	1.30807
2022-01-03 22:00:00+00:00	1.13655
2022-01-03 23:00:00+00:00	1.31892
2022-01-04 00:00:00+00:00	1.32052
2022-01-04 01:00:00+00:00	1.28737
2022-01-04 02:00:00+00:00	1.15649
2022-01-04 03:00:00+00:00	1.13536
2022-01-04 04:00:00+00:00	1.33244
2022-01-04 05:00:00+00:00	1.43638
2022-01-04 06:00:00+00:00	1.55144
2022-01-04 07:00:00+00:00	1.68112
2022-01-04 08:00:00+00:00	1.6688
2022-01-04 09:00:00+00:00	1.67521
2022-01-04 10:00:00+00:00	1.64847
2022-01-04 11:00:00+00:00	1.60201
2022-01-04 12:00:00+00:00	1.55905
2022-01-04 13:00:00+00:00	1.55374
2022-01-04 14:00:00+00:00	1.58669
2022-01-04 15:00:00+00:00	1.61573
2022-01-04 16:00:00+00:00	1.67992
2022-01-04 17:00:00+00:00	1.64687
2022-01-04 18:00:00+00:00	1.54092
2022-01-04 19:00:00+00:00	1.47013
2022-01-04 20:00:00+00:00	1.41765
2022-01-04 21:00:00+00:00	1.37409
2022-01-04 22:00:00+00:00	1.14408
2022-01-04 23:00:00+00:00	1.32703
2022-01-05 00:00:00+00:00	1.22975
2022-01-05 01:00:00+00:00	1.11284
2022-01-05 02:00:00+00:00	1.03031
2022-01-05 03:00:00+00:00	1.05513
2022-01-05 04:00:00+00:00	1.21281
2022-01-05 05:00:00+00:00	1.37876
2022-01-05 06:00:00+00:00	1.38295
2022-01-05 07:00:00+00:00	1.38335
2022-01-05 08:00:00+00:00	1.38694
2022-01-05 09:00:00+00:00	1.38624
2022-01-05 10:00:00+00:00	1.37617
2022-01-05 11:00:00+00:00	1.36481
2022-01-05 12:00:00+00:00	1.36421
2022-01-05 13:00:00+00:00	1.36162
2022-01-05 14:00:00+00:00	1.366
2022-01-05 15:00:00+00:00	1.41205
2022-01-05 16:00:00+00:00	1.47604
2022-01-05 17:00:00+00:00	1.43288
2022-01-05 18:00:00+00:00	1.39631
2022-01-05 19:00:00+00:00	1.37199
2022-01-05 20:00:00+00:00	1.38544
2022-01-05 21:00:00+00:00	1.36471
2022-01-05 22:00:00+00:00	1.35075
2022-01-05 23:00:00+00:00	1.2625
2022-01-06 00:00:00+00:00	1.25377
2022-01-06 01:00:00+00:00	1.25448
2022-01-06 02:00:00+00:00	1.30385
2022-01-06 03:00:00+00:00	1.4051
2022-01-06 04:00:00+00:00	1.47404
2022-01-06 05:00:00+00:00	1.52422
2022-01-06 06:00:00+00:00	1.54158
2022-01-06 07:00:00+00:00	1.83279
2022-01-06 08:00:00+00:00	2.06591
2022-01-06 09:00:00+00:00	2.09982
2022-01-06 10:00:00+00:00	2.25496
2022-01-06 11:00:00+00:00	2.19756
2022-01-06 12:00:00+00:00	2.03419
2022-01-06 13:00:00+00:00	2.10093
2022-01-06 14:00:00+00:00	2.24864
2022-01-06 15:00:00+00:00	2.39656
2022-01-06 16:00:00+00:00	2.67092
2022-01-06 17:00:00+00:00	2.65887
2022-01-06 18:00:00+00:00	2.14689
2022-01-06 19:00:00+00:00	2.12331
2022-01-06 20:00:00+00:00	1.97489
2022-01-06 21:00:00+00:00	1.56476
2022-01-06 22:00:00+00:00	1.40269
2022-01-06 23:00:00+00:00	1.34346
2022-01-07 00:00:00+00:00	1.29813
2022-01-07 01:00:00+00:00	1.22893
2022-01-07 02:00:00+00:00	1.22412
2022-01-07 03:00:00+00:00	1.22432
2022-01-07 04:00:00+00:00	1.27536
2022-01-07 05:00:00+00:00	1.40594
2022-01-07 06:00:00+00:00	1.5308
2022-01-07 07:00:00+00:00	1.5675
2022-01-07 08:00:00+00:00	1.57603
2022-01-07 09:00:00+00:00	1.57472
2022-01-07 10:00:00+00:00	1.61373
2022-01-07 11:00:00+00:00	1.62176
2022-01-07 12:00:00+00:00	1.61614
2022-01-07 13:00:00+00:00	1.63068
2022-01-07 14:00:00+00:00	1.78132
2022-01-07 15:00:00+00:00	1.96274
2022-01-07 16:00:00+00:00	2.36248
2022-01-07 17:00:00+00:00	2.41223
2022-01-07 18:00:00+00:00	1.73318
2022-01-07 19:00:00+00:00	1.60962
2022-01-07 20:00:00+00:00	1.58405
2022-01-07 21:00:00+00:00	1.54343
2022-01-07 22:00:00+00:00	1.45177
2021-11-30 23:00:00+00:00	0.12725
2021-12-01 00:00:00+00:00	0.10967
2021-12-01 01:00:00+00:00	0.10061
2021-12-01 02:00:00+00:00	0.09699
2021-12-01 03:00:00+00:00	0.09694
2021-12-01 04:00:00+00:00	0.10341
2021-12-01 05:00:00+00:00	0.11952
2021-12-01 06:00:00+00:00	0.11959
2021-12-01 07:00:00+00:00	0.12148
2021-12-01 08:00:00+00:00	0.1205
2021-12-01 09:00:00+00:00	0.11958
2021-12-01 10:00:00+00:00	0.11951
2021-12-01 11:00:00+00:00	0.11935
2021-12-01 12:00:00+00:00	0.11947
2021-12-01 13:00:00+00:00	0.11982
2021-12-01 14:00:00+00:00	0.11996
2021-12-01 15:00:00+00:00	0.12188
2021-12-01 16:00:00+00:00	0.12173
2021-12-01 17:00:00+00:00	0.12081
2021-12-01 18:00:00+00:00	0.11953
2021-12-01 19:00:00+00:00	0.12093
2021-12-01 20:00:00+00:00	0.12172
2021-12-01 21:00:00+00:00	0.11956
2021-12-01 22:00:00+00:00	0.11597
2021-12-01 23:00:00+00:00	0.11606
2021-12-02 00:00:00+00:00	0.11222
2021-12-02 01:00:00+00:00	0.10566
2021-12-02 02:00:00+00:00	0.10703
2021-12-02 03:00:00+00:00	0.10906
2021-12-02 04:00:00+00:00	0.11226
2021-12-02 05:00:00+00:00	0.13205
2021-12-02 06:00:00+00:00	0.1484
2021-12-02 07:00:00+00:00	0.19429
2021-12-02 08:00:00+00:00	0.19435
2021-12-02 09:00:00+00:00	0.1902
2021-12-02 10:00:00+00:00	0.21567
2021-12-02 11:00:00+00:00	0.21056
2021-12-02 12:00:00+00:00	0.21913
2021-12-02 13:00:00+00:00	0.24384
2021-12-02 14:00:00+00:00	0.28901
2021-12-02 15:00:00+00:00	0.31067
2021-12-02 16:00:00+00:00	0.33641
2021-12-02 17:00:00+00:00	0.28989
2021-12-02 18:00:00+00:00	0.21199
2021-12-02 19:00:00+00:00	0.16254
2021-12-02 20:00:00+00:00	0.15614
2021-12-02 21:00:00+00:00	0.13844
2021-12-02 22:00:00+00:00	0.12709
2021-12-02 23:00:00+00:00	0.14125
2021-12-03 00:00:00+00:00	0.1286
2021-12-03 01:00:00+00:00	0.12174
2021-12-03 02:00:00+00:00	0.11496
2021-12-03 03:00:00+00:00	0.1187
2021-12-03 04:00:00+00:00	0.13073
2021-12-03 05:00:00+00:00	0.1639
2021-12-03 06:00:00+00:00	0.22515
2021-12-03 07:00:00+00:00	0.24897
2021-12-03 08:00:00+00:00	0.21078
2021-12-03 09:00:00+00:00	0.17517
2021-12-03 10:00:00+00:00	0.15528
2021-12-03 11:00:00+00:00	0.13595
2021-12-03 12:00:00+00:00	0.13644
2021-12-03 13:00:00+00:00	0.13542
2021-12-03 14:00:00+00:00	0.13927
2021-12-03 15:00:00+00:00	0.15472
2021-12-03 16:00:00+00:00	0.15731
2021-12-03 17:00:00+00:00	0.13825
2021-12-03 18:00:00+00:00	0.1303
2021-12-03 19:00:00+00:00	0.11805
2021-12-03 20:00:00+00:00	0.12044
2021-12-03 21:00:00+00:00	0.12062
2021-12-03 22:00:00+00:00	0.1122
2021-12-03 23:00:00+00:00	0.1177
2021-12-04 00:00:00+00:00	0.11904
2021-12-04 01:00:00+00:00	0.12252
2021-12-04 02:00:00+00:00	0.12598
2021-12-04 03:00:00+00:00	0.12833
2021-12-04 04:00:00+00:00	0.12899
2021-12-04 05:00:00+00:00	0.12992
2021-12-04 06:00:00+00:00	0.1283
2021-12-04 07:00:00+00:00	0.13317
2021-12-04 08:00:00+00:00	0.13441
2021-12-04 09:00:00+00:00	0.14549
2021-12-04 10:00:00+00:00	0.14963
2021-12-04 11:00:00+00:00	0.14667
2021-12-04 12:00:00+00:00	0.13597
2021-12-04 13:00:00+00:00	0.1356
2021-12-04 14:00:00+00:00	0.136
2021-12-04 15:00:00+00:00	0.13991
2021-12-04 16:00:00+00:00	0.14147
2021-12-04 17:00:00+00:00	0.14333
2021-12-04 18:00:00+00:00	0.14105
2021-12-04 19:00:00+00:00	0.13321
2021-12-04 20:00:00+00:00	0.12957
2021-12-04 21:00:00+00:00	0.12571
2021-12-04 22:00:00+00:00	0.11699
2021-12-04 23:00:00+00:00	0.11109
2021-12-05 00:00:00+00:00	0.10637
2021-12-05 01:00:00+00:00	0.10623
2021-12-05 02:00:00+00:00	0.10606
2021-12-05 03:00:00+00:00	0.10657
2021-12-05 04:00:00+00:00	0.10917
2021-12-05 05:00:00+00:00	0.10833
2021-12-05 06:00:00+00:00	0.10654
2021-12-05 07:00:00+00:00	0.10869
2021-12-05 08:00:00+00:00	0.11852
2021-12-05 09:00:00+00:00	0.12845
2021-12-05 10:00:00+00:00	0.1286
2021-12-05 11:00:00+00:00	0.12955
2021-12-05 12:00:00+00:00	0.12959
2021-12-05 13:00:00+00:00	0.13066
2021-12-05 14:00:00+00:00	0.13387
2021-12-05 15:00:00+00:00	0.14454
2021-12-05 16:00:00+00:00	0.16905
2021-12-05 17:00:00+00:00	0.16266
2021-12-05 18:00:00+00:00	0.16058
2021-12-05 19:00:00+00:00	0.15205
2021-12-05 20:00:00+00:00	0.14442
2021-12-05 21:00:00+00:00	0.13397
2021-12-05 22:00:00+00:00	0.12959
2021-12-05 23:00:00+00:00	0.12906
2021-12-06 00:00:00+00:00	0.12691
2021-12-06 01:00:00+00:00	0.12592
2021-12-06 02:00:00+00:00	0.12948
2021-12-06 03:00:00+00:00	0.13662
2021-12-06 04:00:00+00:00	0.16357
2021-12-06 05:00:00+00:00	0.1425
2021-12-06 06:00:00+00:00	0.18807
2021-12-06 07:00:00+00:00	0.19183
2021-12-06 08:00:00+00:00	0.35204
2021-12-06 09:00:00+00:00	0.23311
2021-12-06 10:00:00+00:00	0.15597
2021-12-06 11:00:00+00:00	0.14876
2021-12-06 12:00:00+00:00	0.14601
2021-12-06 13:00:00+00:00	0.15045
2021-12-06 14:00:00+00:00	0.15293
2021-12-06 15:00:00+00:00	0.22729
2021-12-06 16:00:00+00:00	0.18807
2021-12-06 17:00:00+00:00	0.198
2021-12-06 18:00:00+00:00	0.1455
2021-12-06 19:00:00+00:00	0.142
2021-12-06 20:00:00+00:00	0.14842
2021-12-06 21:00:00+00:00	0.13473
2021-12-06 22:00:00+00:00	0.12635
2021-12-06 23:00:00+00:00	0.12619
2021-12-07 00:00:00+00:00	0.11995
2021-12-07 01:00:00+00:00	0.1149
2021-12-07 02:00:00+00:00	0.11461
2021-12-07 03:00:00+00:00	0.12694
2021-12-07 04:00:00+00:00	0.12954
2021-12-07 05:00:00+00:00	0.13829
2021-12-07 06:00:00+00:00	0.18546
2021-12-07 07:00:00+00:00	0.26708
2021-12-07 08:00:00+00:00	0.27087
2021-12-07 09:00:00+00:00	0.26522
2021-12-07 10:00:00+00:00	0.21199
2021-12-07 11:00:00+00:00	0.18872
2021-12-07 12:00:00+00:00	0.18382
2021-12-07 13:00:00+00:00	0.19226
2021-12-07 14:00:00+00:00	0.18398
2021-12-07 15:00:00+00:00	0.17622
2021-12-07 16:00:00+00:00	0.25614
2021-12-07 17:00:00+00:00	0.18265
2021-12-07 18:00:00+00:00	0.14887
2021-12-07 19:00:00+00:00	0.14332
2021-12-07 20:00:00+00:00	0.13969
2021-12-07 21:00:00+00:00	0.12253
2021-12-07 22:00:00+00:00	0.11047
2021-12-07 23:00:00+00:00	0.11228
2021-12-08 00:00:00+00:00	0.10713
2021-12-08 01:00:00+00:00	0.10767
2021-12-08 02:00:00+00:00	0.10719
2021-12-08 03:00:00+00:00	0.10496
2021-12-08 04:00:00+00:00	0.11009
2021-12-08 05:00:00+00:00	0.11746
2021-12-08 06:00:00+00:00	0.13491
2021-12-08 07:00:00+00:00	0.13734
2021-12-08 08:00:00+00:00	0.13733
2021-12-08 09:00:00+00:00	0.1382
2021-12-08 10:00:00+00:00	0.13849
2021-12-08 11:00:00+00:00	0.13998
2021-12-08 12:00:00+00:00	0.14229
2021-12-08 13:00:00+00:00	0.14362
2021-12-08 14:00:00+00:00	0.14579
2021-12-08 15:00:00+00:00	0.14883
2021-12-08 16:00:00+00:00	0.15136
2021-12-08 17:00:00+00:00	0.14263
2021-12-08 18:00:00+00:00	0.13857
2021-12-08 19:00:00+00:00	0.13616
2021-12-08 20:00:00+00:00	0.13514
2021-12-08 21:00:00+00:00	0.13038
2021-12-08 22:00:00+00:00	0.12402
2021-12-08 23:00:00+00:00	0.11702
2021-12-09 00:00:00+00:00	0.11449
2021-12-09 01:00:00+00:00	0.11401
2021-12-09 02:00:00+00:00	0.11454
2021-12-09 03:00:00+00:00	0.11569
2021-12-09 04:00:00+00:00	0.12528
2021-12-09 05:00:00+00:00	0.13586
2021-12-09 06:00:00+00:00	0.13657
2021-12-09 07:00:00+00:00	0.13759
2021-12-09 08:00:00+00:00	0.13723
2021-12-09 09:00:00+00:00	0.13752
2021-12-09 10:00:00+00:00	0.13681
2021-12-09 11:00:00+00:00	0.13645
2021-12-09 12:00:00+00:00	0.13647
2021-12-09 13:00:00+00:00	0.13679
2021-12-09 14:00:00+00:00	0.13687
2021-12-09 15:00:00+00:00	0.13753
2021-12-09 16:00:00+00:00	0.13747
2021-12-09 17:00:00+00:00	0.13651
2021-12-09 18:00:00+00:00	0.13544
2021-12-09 19:00:00+00:00	0.13487
2021-12-09 20:00:00+00:00	0.1354
2021-12-09 21:00:00+00:00	0.13514
2021-12-09 22:00:00+00:00	0.12885
2021-12-09 23:00:00+00:00	0.13229
2021-12-10 00:00:00+00:00	0.13006
2021-12-10 01:00:00+00:00	0.12702
2021-12-10 02:00:00+00:00	0.12775
2021-12-10 03:00:00+00:00	0.1308
2021-12-10 04:00:00+00:00	0.13214
2021-12-10 05:00:00+00:00	0.13425
2021-12-10 06:00:00+00:00	0.13673
2021-12-10 07:00:00+00:00	0.246
2021-12-10 08:00:00+00:00	0.24548
2021-12-10 09:00:00+00:00	0.17796
2021-12-10 10:00:00+00:00	0.13875
2021-12-10 11:00:00+00:00	0.13876
2021-12-10 12:00:00+00:00	0.13876
2021-12-10 13:00:00+00:00	0.1441
2021-12-10 14:00:00+00:00	0.16602
2021-12-10 15:00:00+00:00	0.14397
2021-12-10 16:00:00+00:00	0.1441
2021-12-10 17:00:00+00:00	0.14287
2021-12-10 18:00:00+00:00	0.14128
2021-12-10 19:00:00+00:00	0.14024
2021-12-10 20:00:00+00:00	0.14442
2021-12-10 21:00:00+00:00	0.137
2021-12-10 22:00:00+00:00	0.13417
2021-12-10 23:00:00+00:00	0.13531
2021-12-11 00:00:00+00:00	0.13416
2021-12-11 01:00:00+00:00	0.13388
2021-12-11 02:00:00+00:00	0.13364
2021-12-11 03:00:00+00:00	0.13377
2021-12-11 04:00:00+00:00	0.13461
2021-12-11 05:00:00+00:00	0.13422
2021-12-11 06:00:00+00:00	0.13495
2021-12-11 07:00:00+00:00	0.1394
2021-12-11 08:00:00+00:00	0.157
2021-12-11 09:00:00+00:00	0.19579
2021-12-11 10:00:00+00:00	0.1997
2021-12-11 11:00:00+00:00	0.19583
2021-12-11 12:00:00+00:00	0.14085
2021-12-11 13:00:00+00:00	0.16395
2021-12-11 14:00:00+00:00	0.17063
2021-12-11 15:00:00+00:00	0.25529
2021-12-11 16:00:00+00:00	0.27258
2021-12-11 17:00:00+00:00	0.19674
2021-12-11 18:00:00+00:00	0.14038
2021-12-11 19:00:00+00:00	0.13894
2021-12-11 20:00:00+00:00	0.136
2021-12-11 21:00:00+00:00	0.13636
2021-12-11 22:00:00+00:00	0.13001
2021-12-11 23:00:00+00:00	0.132
2021-12-12 00:00:00+00:00	0.12049
2021-12-12 01:00:00+00:00	0.11417
2021-12-12 02:00:00+00:00	0.1117
2021-12-12 03:00:00+00:00	0.11018
2021-12-12 04:00:00+00:00	0.10918
2021-12-12 05:00:00+00:00	0.10944
2021-12-12 06:00:00+00:00	0.11281
2021-12-12 07:00:00+00:00	0.11836
2021-12-12 08:00:00+00:00	0.13092
2021-12-12 09:00:00+00:00	0.13287
2021-12-12 10:00:00+00:00	0.1343
2021-12-12 11:00:00+00:00	0.13443
2021-12-12 12:00:00+00:00	0.13488
2021-12-12 13:00:00+00:00	0.13674
2021-12-12 14:00:00+00:00	0.13929
2021-12-12 15:00:00+00:00	0.16396
2021-12-12 16:00:00+00:00	0.17465
2021-12-12 17:00:00+00:00	0.16396
2021-12-12 18:00:00+00:00	0.1522
2021-12-12 19:00:00+00:00	0.14011
2021-12-12 20:00:00+00:00	0.13852
2021-12-12 21:00:00+00:00	0.13642
2021-12-12 22:00:00+00:00	0.13453
2021-12-12 23:00:00+00:00	0.13197
2021-12-13 00:00:00+00:00	0.13094
2021-12-13 01:00:00+00:00	0.12705
2021-12-13 02:00:00+00:00	0.12357
2021-12-13 03:00:00+00:00	0.12991
2021-12-13 04:00:00+00:00	0.13427
2021-12-13 05:00:00+00:00	0.13603
2021-12-13 06:00:00+00:00	0.1377
2021-12-13 07:00:00+00:00	0.14176
2021-12-13 08:00:00+00:00	0.14109
2021-12-13 09:00:00+00:00	0.13995
2021-12-13 10:00:00+00:00	0.13958
2021-12-13 11:00:00+00:00	0.13992
2021-12-13 12:00:00+00:00	0.13987
2021-12-13 13:00:00+00:00	0.14031
2021-12-13 14:00:00+00:00	0.1401
2021-12-13 15:00:00+00:00	0.14307
2021-12-13 16:00:00+00:00	0.1403
2021-12-13 17:00:00+00:00	0.13885
2021-12-13 18:00:00+00:00	0.1364
2021-12-13 19:00:00+00:00	0.13166
2021-12-13 20:00:00+00:00	0.13145
2021-12-13 21:00:00+00:00	0.12687
2021-12-13 22:00:00+00:00	0.13009
2021-12-13 23:00:00+00:00	0.12879
2021-12-14 00:00:00+00:00	0.12492
2021-12-14 01:00:00+00:00	0.12472
2021-12-14 02:00:00+00:00	0.12489
2021-12-14 03:00:00+00:00	0.12589
2021-12-14 04:00:00+00:00	0.13104
2021-12-14 05:00:00+00:00	0.13772
2021-12-14 06:00:00+00:00	0.21793
2021-12-14 07:00:00+00:00	0.29999
2021-12-14 08:00:00+00:00	0.30925
2021-12-14 09:00:00+00:00	0.28008
2021-12-14 10:00:00+00:00	0.32912
2021-12-14 11:00:00+00:00	0.2905
2021-12-14 12:00:00+00:00	0.29518
2021-12-14 13:00:00+00:00	0.30347
2021-12-14 14:00:00+00:00	0.3404
2021-12-14 15:00:00+00:00	0.36145
2021-12-14 16:00:00+00:00	0.17373
2021-12-14 17:00:00+00:00	0.16986
2021-12-14 18:00:00+00:00	0.14222
2021-12-14 19:00:00+00:00	0.1358
2021-12-14 20:00:00+00:00	0.13533
2021-12-14 21:00:00+00:00	0.12379
2021-12-14 22:00:00+00:00	0.12017
2021-12-14 23:00:00+00:00	0.12385
2021-12-15 00:00:00+00:00	0.11863
2021-12-15 01:00:00+00:00	0.11636
2021-12-15 02:00:00+00:00	0.11601
2021-12-15 03:00:00+00:00	0.11674
2021-12-15 04:00:00+00:00	0.11813
2021-12-15 05:00:00+00:00	0.12345
2021-12-15 06:00:00+00:00	0.13002
2021-12-15 07:00:00+00:00	0.13483
2021-12-15 08:00:00+00:00	0.13446
2021-12-15 09:00:00+00:00	0.13314
2021-12-15 10:00:00+00:00	0.13283
2021-12-15 11:00:00+00:00	0.13198
2021-12-15 12:00:00+00:00	0.13194
2021-12-15 13:00:00+00:00	0.13194
2021-12-15 14:00:00+00:00	0.13396
2021-12-15 15:00:00+00:00	0.13419
2021-12-15 16:00:00+00:00	0.13401
2021-12-15 17:00:00+00:00	0.13099
2021-12-15 18:00:00+00:00	0.12952
2021-12-15 19:00:00+00:00	0.12703
2021-12-15 20:00:00+00:00	0.12887
2021-12-15 21:00:00+00:00	0.12572
2021-12-15 22:00:00+00:00	0.12375
2021-12-15 23:00:00+00:00	0.13096
2021-12-16 00:00:00+00:00	0.13052
2021-12-16 01:00:00+00:00	0.12997
2021-12-16 02:00:00+00:00	0.13026
2021-12-16 03:00:00+00:00	0.13174
2021-12-16 04:00:00+00:00	0.1377
2021-12-16 05:00:00+00:00	0.14705
2021-12-16 06:00:00+00:00	0.15349
2021-12-16 07:00:00+00:00	0.16335
2021-12-16 08:00:00+00:00	0.16171
2021-12-16 09:00:00+00:00	0.16144
2021-12-16 10:00:00+00:00	0.15881
2021-12-16 11:00:00+00:00	0.15602
2021-12-16 12:00:00+00:00	0.15325
2021-12-16 13:00:00+00:00	0.1535
2021-12-16 14:00:00+00:00	0.15803
2021-12-16 15:00:00+00:00	0.16647
2021-12-16 16:00:00+00:00	0.17585
2021-12-16 17:00:00+00:00	0.17503
2021-12-16 18:00:00+00:00	0.16168
2021-12-16 19:00:00+00:00	0.15648
2021-12-16 20:00:00+00:00	0.1597
2021-12-16 21:00:00+00:00	0.14999
2021-12-16 22:00:00+00:00	0.1451
2021-12-16 23:00:00+00:00	0.16036
2021-12-17 00:00:00+00:00	0.15653
2021-12-17 01:00:00+00:00	0.15376
2021-12-17 02:00:00+00:00	0.1526
2021-12-17 03:00:00+00:00	0.15826
2021-12-17 04:00:00+00:00	0.16195
2021-12-17 05:00:00+00:00	0.17668
2021-12-17 06:00:00+00:00	0.18054
2021-12-17 07:00:00+00:00	0.19689
2021-12-17 08:00:00+00:00	0.20003
2021-12-17 09:00:00+00:00	0.19984
2021-12-17 10:00:00+00:00	0.20002
2021-12-17 11:00:00+00:00	0.19504
2021-12-17 12:00:00+00:00	0.19194
2021-12-17 13:00:00+00:00	0.19811
2021-12-17 14:00:00+00:00	0.19426
2021-12-17 15:00:00+00:00	0.19844
2021-12-17 16:00:00+00:00	0.19935
2021-12-17 17:00:00+00:00	0.19808
2021-12-17 18:00:00+00:00	0.18642
2021-12-17 19:00:00+00:00	0.16507
2021-12-17 20:00:00+00:00	0.16482
2021-12-17 21:00:00+00:00	0.16161
2021-12-17 22:00:00+00:00	0.15991
2021-12-17 23:00:00+00:00	0.17179
2021-12-18 00:00:00+00:00	0.1667
2021-12-18 01:00:00+00:00	0.16873
2021-12-18 02:00:00+00:00	0.16501
2021-12-18 03:00:00+00:00	0.16137
2021-12-18 04:00:00+00:00	0.15696
2021-12-18 05:00:00+00:00	0.1558
2021-12-18 06:00:00+00:00	0.1539
2021-12-18 07:00:00+00:00	0.15996
2021-12-18 08:00:00+00:00	0.1638
2021-12-18 09:00:00+00:00	0.16669
2021-12-18 10:00:00+00:00	0.16339
2021-12-18 11:00:00+00:00	0.15872
2021-12-18 12:00:00+00:00	0.15431
2021-12-18 13:00:00+00:00	0.15405
2021-12-18 14:00:00+00:00	0.15395
2021-12-18 15:00:00+00:00	0.15767
2021-12-18 16:00:00+00:00	0.15879
2021-12-18 17:00:00+00:00	0.15506
2021-12-18 18:00:00+00:00	0.15323
2021-12-18 19:00:00+00:00	0.15119
2021-12-18 20:00:00+00:00	0.13986
2021-12-18 21:00:00+00:00	0.12678
2021-12-18 22:00:00+00:00	0.1225
2021-12-18 23:00:00+00:00	0.1288
2021-12-19 00:00:00+00:00	0.12726
2021-12-19 01:00:00+00:00	0.12646
2021-12-19 02:00:00+00:00	0.12619
2021-12-19 03:00:00+00:00	0.12616
2021-12-19 04:00:00+00:00	0.12658
2021-12-19 05:00:00+00:00	0.12897
2021-12-19 06:00:00+00:00	0.12791
2021-12-19 07:00:00+00:00	0.13244
2021-12-19 08:00:00+00:00	0.13932
2021-12-19 09:00:00+00:00	0.14098
2021-12-19 10:00:00+00:00	0.13976
2021-12-19 11:00:00+00:00	0.14244
2021-12-19 12:00:00+00:00	0.1451
2021-12-19 13:00:00+00:00	0.14722
2021-12-19 14:00:00+00:00	0.15269
2021-12-19 15:00:00+00:00	0.15501
2021-12-19 16:00:00+00:00	0.17068
2021-12-19 17:00:00+00:00	0.1745
2021-12-19 18:00:00+00:00	0.17373
2021-12-19 19:00:00+00:00	0.17453
2021-12-19 20:00:00+00:00	0.17397
2021-12-19 21:00:00+00:00	0.1723
2021-12-19 22:00:00+00:00	0.17043
2021-12-19 23:00:00+00:00	0.164
2021-12-20 00:00:00+00:00	0.15659
2021-12-20 01:00:00+00:00	0.15336
2021-12-20 02:00:00+00:00	0.15017
2021-12-20 03:00:00+00:00	0.16175
2021-12-20 04:00:00+00:00	0.17457
2021-12-20 05:00:00+00:00	0.22598
2021-12-20 06:00:00+00:00	0.38031
2021-12-20 07:00:00+00:00	0.4196
2021-12-20 08:00:00+00:00	0.39691
2021-12-20 09:00:00+00:00	0.36182
2021-12-20 10:00:00+00:00	0.32902
2021-12-20 11:00:00+00:00	0.28035
2021-12-20 12:00:00+00:00	0.3407
2021-12-20 13:00:00+00:00	0.39196
2021-12-20 14:00:00+00:00	0.4151
2021-12-20 15:00:00+00:00	0.42633
2021-12-20 16:00:00+00:00	0.44582
2021-12-20 17:00:00+00:00	0.45107
2021-12-20 18:00:00+00:00	0.42589
2021-12-20 19:00:00+00:00	0.25965
2021-12-20 20:00:00+00:00	0.36006
2021-12-20 21:00:00+00:00	0.24479
2021-12-20 22:00:00+00:00	0.21621
2021-12-20 23:00:00+00:00	0.23367
2021-12-21 00:00:00+00:00	0.20873
2021-12-21 01:00:00+00:00	0.20313
2021-12-21 02:00:00+00:00	0.20113
2021-12-21 03:00:00+00:00	0.22181
2021-12-21 04:00:00+00:00	0.30192
2021-12-21 05:00:00+00:00	0.25156
2021-12-21 06:00:00+00:00	0.26914
2021-12-21 07:00:00+00:00	0.4937
2021-12-21 08:00:00+00:00	0.49766
2021-12-21 09:00:00+00:00	0.48778
2021-12-21 10:00:00+00:00	0.46464
2021-12-21 11:00:00+00:00	0.44019
2021-12-21 12:00:00+00:00	0.44528
2021-12-21 13:00:00+00:00	0.46097
2021-12-21 14:00:00+00:00	0.48897
2021-12-21 15:00:00+00:00	0.52317
2021-12-21 16:00:00+00:00	0.60016
2021-12-21 17:00:00+00:00	0.58089
2021-12-21 18:00:00+00:00	0.50336
2021-12-21 19:00:00+00:00	0.45554
2021-12-21 20:00:00+00:00	0.38775
2021-12-21 21:00:00+00:00	0.31567
2021-12-21 22:00:00+00:00	0.26197
2021-12-21 23:00:00+00:00	0.22797
2021-12-22 00:00:00+00:00	0.21343
2021-12-22 01:00:00+00:00	0.21009
2021-12-22 02:00:00+00:00	0.21387
2021-12-22 03:00:00+00:00	0.22696
2021-12-22 04:00:00+00:00	0.26251
2021-12-22 05:00:00+00:00	0.25106
2021-12-22 06:00:00+00:00	0.25108
2021-12-22 07:00:00+00:00	0.28079
2021-12-22 08:00:00+00:00	0.46563
2021-12-22 09:00:00+00:00	0.27952
2021-12-22 10:00:00+00:00	0.27369
2021-12-22 11:00:00+00:00	0.26488
2021-12-22 12:00:00+00:00	0.26295
2021-12-22 13:00:00+00:00	0.25747
2021-12-22 14:00:00+00:00	0.25702
2021-12-22 15:00:00+00:00	0.27361
2021-12-22 16:00:00+00:00	0.27035
2021-12-22 17:00:00+00:00	0.26051
2021-12-22 18:00:00+00:00	0.26489
2021-12-22 19:00:00+00:00	0.25221
2021-12-22 20:00:00+00:00	0.24657
2021-12-22 21:00:00+00:00	0.22636
2021-12-22 22:00:00+00:00	0.20245
2021-12-22 23:00:00+00:00	0.22651
2021-12-23 00:00:00+00:00	0.21998
2021-12-23 01:00:00+00:00	0.21773
2021-12-23 02:00:00+00:00	0.21602
2021-12-23 03:00:00+00:00	0.21901
2021-12-23 04:00:00+00:00	0.2189
2021-12-23 05:00:00+00:00	0.22998
2021-12-23 06:00:00+00:00	0.25272
2021-12-23 07:00:00+00:00	0.27664
2021-12-23 08:00:00+00:00	0.29129
2021-12-23 09:00:00+00:00	0.29752
2021-12-23 10:00:00+00:00	0.28122
2021-12-23 11:00:00+00:00	0.2723
2021-12-23 12:00:00+00:00	0.27192
2021-12-23 13:00:00+00:00	0.27167
2021-12-23 14:00:00+00:00	0.29597
2021-12-23 15:00:00+00:00	0.32074
2021-12-23 16:00:00+00:00	0.284
2021-12-23 17:00:00+00:00	0.24303
2021-12-23 18:00:00+00:00	0.22551
2021-12-23 19:00:00+00:00	0.20679
2021-12-23 20:00:00+00:00	0.19797
2021-12-23 21:00:00+00:00	0.17189
2021-12-23 22:00:00+00:00	0.16385
2021-12-23 23:00:00+00:00	0.1648
2021-12-24 00:00:00+00:00	0.16127
2021-12-24 01:00:00+00:00	0.16002
2021-12-24 02:00:00+00:00	0.16065
2021-12-24 03:00:00+00:00	0.16209
2021-12-24 04:00:00+00:00	0.16498
2021-12-24 05:00:00+00:00	0.16591
2021-12-24 06:00:00+00:00	0.17857
2021-12-24 07:00:00+00:00	0.19886
2021-12-24 08:00:00+00:00	0.20784
2021-12-24 09:00:00+00:00	0.20917
2021-12-24 10:00:00+00:00	0.21538
2021-12-24 11:00:00+00:00	0.21408
2021-12-24 12:00:00+00:00	0.21409
2021-12-24 13:00:00+00:00	0.21835
2021-12-24 14:00:00+00:00	0.22156
2021-12-24 15:00:00+00:00	0.22772
2021-12-24 16:00:00+00:00	0.22513
2021-12-24 17:00:00+00:00	0.22244
2021-12-24 18:00:00+00:00	0.22039
2021-12-24 19:00:00+00:00	0.22002
2021-12-24 20:00:00+00:00	0.22198
2021-12-24 21:00:00+00:00	0.22057
2021-12-24 22:00:00+00:00	0.22266
