01/01/2015;9,042
02/01/2015;9,042
05/01/2015;9,1075
06/01/2015;9,1795
07/01/2015;9,15
08/01/2015;9,028
09/01/2015;9,0605
12/01/2015;9,1275
13/01/2015;9,115
14/01/2015;9,056
15/01/2015;8,914
16/01/2015;8,7985
19/01/2015;8,8325
20/01/2015;8,8015
21/01/2015;8,825
22/01/2015;8,831
23/01/2015;8,7055
26/01/2015;8,7345
27/01/2015;8,813
28/01/2015;8,795
29/01/2015;8,823
30/01/2015;8,8335
02/02/2015;8,7225
03/02/2015;8,637
04/02/2015;8,6305
05/02/2015;8,637
06/02/2015;8,5715
09/02/2015;8,6145
10/02/2015;8,5665
11/02/2015;8,602
12/02/2015;8,7425
13/02/2015;8,6535
16/02/2015;8,6035
17/02/2015;8,5725
18/02/2015;8,548
19/02/2015;8,645
20/02/2015;8,593
23/02/2015;8,6405
24/02/2015;8,625
25/02/2015;8,6325
26/02/2015;8,564
27/02/2015;8,574
02/03/2015;8,6085
03/03/2015;8,6095
04/03/2015;8,6145
05/03/2015;8,546
06/03/2015;8,542
09/03/2015;8,5785
10/03/2015;8,6395
11/03/2015;8,657
12/03/2015;8,591
13/03/2015;8,6255
16/03/2015;8,686
17/03/2015;8,7915
18/03/2015;8,9
19/03/2015;8,6355
20/03/2015;8,7125
23/03/2015;8,6275
24/03/2015;8,5935
25/03/2015;8,593
26/03/2015;8,6005
27/03/2015;8,645
30/03/2015;8,6545
31/03/2015;8,7035
01/04/2015;8,6845
07/04/2015;8,73
08/04/2015;8,6766
09/04/2015;8,662
10/04/2015;8,613
13/04/2015;8,548
14/04/2015;8,482
15/04/2015;8,415
16/04/2015;8,3725
17/04/2015;8,397
20/04/2015;8,442
21/04/2015;8,425
22/04/2015;8,443
23/04/2015;8,516
24/04/2015;8,475
27/04/2015;8,4345
28/04/2015;8,392
29/04/2015;8,385
30/04/2015;8,3845
04/05/2015;8,463
05/05/2015;8,4475
06/05/2015;8,413
07/05/2015;8,3275
08/05/2015;8,3815
11/05/2015;8,4245
12/05/2015;8,3945
13/05/2015;8,357
15/05/2015;8,3745
18/05/2015;8,3815
19/05/2015;8,3545
20/05/2015;8,3975
21/05/2015;8,433
22/05/2015;8,4135
26/05/2015;8,3685
27/05/2015;8,4255
28/05/2015;8,491
29/05/2015;8,536
01/06/2015;8,7065
02/06/2015;8,6755
03/06/2015;8,7145
04/06/2015;8,737
05/06/2015;8,8085
08/06/2015;8,827
09/06/2015;8,778
10/06/2015;8,699
11/06/2015;8,786
12/06/2015;8,695
15/06/2015;8,712
16/06/2015;8,723
17/06/2015;8,7245
18/06/2015;8,831
19/06/2015;8,8255
22/06/2015;8,742
23/06/2015;8,7255
24/06/2015;8,769
25/06/2015;8,7595
26/06/2015;8,773
29/06/2015;8,8065
30/06/2015;8,791
01/07/2015;8,7435
02/07/2015;8,795
03/07/2015;8,85
06/07/2015;8,9095
07/07/2015;8,983
08/07/2015;9,07
09/07/2015;9,0185
10/07/2015;8,9005
13/07/2015;8,9035
14/07/2015;8,9925
15/07/2015;8,9405
16/07/2015;8,858
17/07/2015;8,8805
20/07/2015;8,8955
21/07/2015;8,9165
22/07/2015;8,899
23/07/2015;8,963
24/07/2015;8,9955
27/07/2015;9,042
28/07/2015;9,0215
29/07/2015;8,9975
30/07/2015;8,943
31/07/2015;9,0015
03/08/2015;9,0005
04/08/2015;9,0015
05/08/2015;8,9955
06/08/2015;9,026
07/08/2015;9,041
10/08/2015;9,026
11/08/2015;9,0835
12/08/2015;9,076
13/08/2015;9,0745
14/08/2015;9,1375
17/08/2015;9,1585
18/08/2015;9,1555
19/08/2015;9,168
20/08/2015;9,2325
21/08/2015;9,2745
24/08/2015;9,369
25/08/2015;9,3885
26/08/2015;9,502
27/08/2015;9,4025
28/08/2015;9,34
31/08/2015;9,3585
01/09/2015;9,356
02/09/2015;9,3015
03/09/2015;9,273
04/09/2015;9,2165
07/09/2015;9,2645
08/09/2015;9,2245
09/09/2015;9,2
10/09/2015;9,176
11/09/2015;9,271
14/09/2015;9,257
15/09/2015;9,2565
16/09/2015;9,2385
17/09/2015;9,2165
18/09/2015;9,237
21/09/2015;9,2205
22/09/2015;9,2145
23/09/2015;9,237
24/09/2015;9,463
25/09/2015;9,513
28/09/2015;9,582
29/09/2015;9,522
30/09/2015;9,5245
01/10/2015;9,4565
02/10/2015;9,4125
05/10/2015;9,387
06/10/2015;9,3765
07/10/2015;9,258
08/10/2015;9,2185
09/10/2015;9,1895
12/10/2015;9,158
13/10/2015;9,269
14/10/2015;9,24
15/10/2015;9,217
16/10/2015;9,2005
19/10/2015;9,185
20/10/2015;9,2355
21/10/2015;9,2625
22/10/2015;9,274
23/10/2015;9,2525
26/10/2015;9,226
27/10/2015;9,363
28/10/2015;9,42
29/10/2015;9,367
30/10/2015;9,393
02/11/2015;9,337
03/11/2015;9,341
04/11/2015;9,3275
05/11/2015;9,3065
06/11/2015;9,2715
09/11/2015;9,2875
10/11/2015;9,2765
11/11/2015;9,223
12/11/2015;9,324
13/11/2015;9,332
16/11/2015;9,305
17/11/2015;9,237
18/11/2015;9,2335
19/11/2015;9,2556
20/11/2015;9,2035
23/11/2015;9,1755
24/11/2015;9,209
25/11/2015;9,181
26/11/2015;9,193
27/11/2015;9,1885
30/11/2015;9,1935
01/12/2015;9,2015
02/12/2015;9,1405
03/12/2015;9,174
04/12/2015;9,2495
07/12/2015;9,3265
08/12/2015;9,5675
09/12/2015;9,537
10/12/2015;9,437
11/12/2015;9,5385
14/12/2015;9,5695
15/12/2015;9,4945
16/12/2015;9,5555
17/12/2015;9,511
18/12/2015;9,5
21/12/2015;9,5585
22/12/2015;9,543
23/12/2015;9,527
28/12/2015;9,538
29/12/2015;9,5115
30/12/2015;9,616
31/12/2015;9,619
04/01/2016;9,6475
05/01/2016;9,588
06/01/2016;9,6225
07/01/2016;9,6975
08/01/2016;9,681
11/01/2016;9,677
12/01/2016;9,6388
13/01/2016;9,5588
14/01/2016;9,6071
15/01/2016;9,6085
18/01/2016;9,6878
19/01/2016;9,6209
20/01/2016;9,665
21/01/2016;9,7033
22/01/2016;9,4685
25/01/2016;9,4585
26/01/2016;9,4858
27/01/2016;9,4508
28/01/2016;9,4465
29/01/2016;9,4845
01/02/2016;9,416
02/02/2016;9,5223
03/02/2016;9,5138
04/02/2016;9,5375
05/02/2016;9,5665
08/02/2016;9,5885
09/02/2016;9,6705
10/02/2016;9,6195
11/02/2016;9,7085
12/02/2016;9,6773
15/02/2016;9,6313
16/02/2016;9,6049
17/02/2016;9,5955
18/02/2016;9,5235
19/02/2016;9,5358
22/02/2016;9,493
23/02/2016;9,459
24/02/2016;9,5858
25/02/2016;9,5413
26/02/2016;9,5245
29/02/2016;9,5043
01/03/2016;9,407
02/03/2016;9,422
03/03/2016;9,4245
04/03/2016;9,383
07/03/2016;9,3583
08/03/2016;9,4285
09/03/2016;9,3964
10/03/2016;9,2926
11/03/2016;9,436
14/03/2016;9,414
15/03/2016;9,48
16/03/2016;9,502
17/03/2016;9,4768
18/03/2016;9,4111
21/03/2016;9,4428
22/03/2016;9,447
23/03/2016;9,442
29/03/2016;9,4839
30/03/2016;9,43
31/03/2016;9,4145
01/04/2016;9,4401
04/04/2016;9,4359
05/04/2016;9,4995
06/04/2016;9,476
07/04/2016;9,4546
08/04/2016;9,4183
11/04/2016;9,3809
12/04/2016;9,3515
13/04/2016;9,3113
14/04/2016;9,264
15/04/2016;9,3044
18/04/2016;9,3325
19/04/2016;9,2578
20/04/2016;9,2336
21/04/2016;9,2015
22/04/2016;9,2443
25/04/2016;9,2735
26/04/2016;9,2278
27/04/2016;9,2013
28/04/2016;9,246
29/04/2016;9,215
02/05/2016;9,233
03/05/2016;9,309
04/05/2016;9,341
06/05/2016;9,3513
09/05/2016;9,333
10/05/2016;9,352
11/05/2016;9,3475
12/05/2016;9,232
13/05/2016;9,2678
18/05/2016;9,2785
19/05/2016;9,3593
20/05/2016;9,3355
23/05/2016;9,3658
24/05/2016;9,3355
25/05/2016;9,2945
26/05/2016;9,247
27/05/2016;9,282
30/05/2016;9,3025
31/05/2016;9,32
01/06/2016;9,3083
02/06/2016;9,336
03/06/2016;9,2853
06/06/2016;9,2935
07/06/2016;9,2225
08/06/2016;9,2055
09/06/2016;9,2489
10/06/2016;9,2725
13/06/2016;9,3265
14/06/2016;9,3655
15/06/2016;9,3415
16/06/2016;9,3798
17/06/2016;9,431
20/06/2016;9,3575
21/06/2016;9,3718
22/06/2016;9,3555
23/06/2016;9,2993
24/06/2016;9,42
27/06/2016;9,4045
28/06/2016;9,3785
29/06/2016;9,3065
30/06/2016;9,3008
01/07/2016;9,2975
04/07/2016;9,2538
05/07/2016;9,3197
06/07/2016;9,3517
07/07/2016;9,3782
08/07/2016;9,393
11/07/2016;9,4061
12/07/2016;9,3499
13/07/2016;9,3145
14/07/2016;9,3247
15/07/2016;9,3183
18/07/2016;9,3627
19/07/2016;9,3489
20/07/2016;9,3552
21/07/2016;9,3541
22/07/2016;9,3847
25/07/2016;9,4102
26/07/2016;9,437
27/07/2016;9,4387
28/07/2016;9,4405
29/07/2016;9,5092
01/08/2016;9,4455
02/08/2016;9,4363
03/08/2016;9,4236
04/08/2016;9,4118
05/08/2016;9,4022
08/08/2016;9,4065
09/08/2016;9,357
10/08/2016;9,2571
11/08/2016;9,2293
12/08/2016;9,1635
15/08/2016;9,1752
16/08/2016;9,2101
17/08/2016;9,2812
18/08/2016;9,2389
19/08/2016;9,3048
22/08/2016;9,3281
23/08/2016;9,2875
24/08/2016;9,246
25/08/2016;9,2771
26/08/2016;9,2501
29/08/2016;9,2731
30/08/2016;9,2873
31/08/2016;9,2765
01/09/2016;9,305
02/09/2016;9,317
05/09/2016;9,2458
06/09/2016;9,2113
07/09/2016;9,1943
08/09/2016;9,195
09/09/2016;9,247
12/09/2016;9,2713
13/09/2016;9,2315
14/09/2016;9,2748
15/09/2016;9,2648
16/09/2016;9,2625
19/09/2016;9,2505
20/09/2016;9,2648
21/09/2016;9,2318
22/09/2016;9,1073
23/09/2016;9,1028
26/09/2016;9,1318
27/09/2016;9,1108
28/09/2016;9,0888
29/09/2016;9,0403
30/09/2016;8,9865
03/10/2016;8,9625
04/10/2016;8,9175
05/10/2016;8,9872
06/10/2016;8,9938
07/10/2016;9,001
10/10/2016;9,0448
11/10/2016;9,0395
12/10/2016;9,029
13/10/2016;9,0768
14/10/2016;9,0248
17/10/2016;9,0315
18/10/2016;8,9565
19/10/2016;8,9585
20/10/2016;8,9625
21/10/2016;8,9538
24/10/2016;8,9855
25/10/2016;8,9868
26/10/2016;9,0425
27/10/2016;8,9858
28/10/2016;9,0445
31/10/2016;9,0345
01/11/2016;9,0213
02/11/2016;9,0735
03/11/2016;9,0575
04/11/2016;9,1098
07/11/2016;9,1035
08/11/2016;9,0753
09/11/2016;9,1193
10/11/2016;9,0733
11/11/2016;9,1148
14/11/2016;9,135
15/11/2016;9,0848
16/11/2016;9,072
17/11/2016;9,0878
18/11/2016;9,1038
21/11/2016;9,0843
22/11/2016;9,0563
23/11/2016;9,068
24/11/2016;9,0858
25/11/2016;9,069
28/11/2016;9,0848
29/11/2016;9,0765
30/11/2016;9,019
01/12/2016;8,9628
02/12/2016;8,986
05/12/2016;8,984
06/12/2016;8,9803
07/12/2016;8,9908
08/12/2016;9,0145
09/12/2016;8,9805
12/12/2016;8,9498
13/12/2016;8,9495
14/12/2016;9,0223
15/12/2016;8,9993
16/12/2016;9,0623
19/12/2016;9,0485
20/12/2016;9,0343
21/12/2016;9,026
22/12/2016;9,0975
23/12/2016;9,0928
27/12/2016;9,1078
28/12/2016;9,0777
29/12/2016;9,0758
30/12/2016;9,0863
02/01/2017;9,0543
03/01/2017;9,0013
04/01/2017;8,9905
05/01/2017;9,0215
06/01/2017;8,9868
09/01/2017;9,0193
10/01/2017;9,075
11/01/2017;9,0633
12/01/2017;9,0625
13/01/2017;9,058
16/01/2017;9,0558
17/01/2017;9,036
18/01/2017;9,033
19/01/2017;9,0193
20/01/2017;8,999
23/01/2017;8,994
24/01/2017;8,9578
25/01/2017;8,9453
26/01/2017;8,9215
27/01/2017;8,919
30/01/2017;8,8758
31/01/2017;8,888
01/02/2017;8,883
02/02/2017;8,8575
03/02/2017;8,8568
06/02/2017;8,846
07/02/2017;8,8838
08/02/2017;8,8835
09/02/2017;8,886
10/02/2017;8,9065
13/02/2017;8,9018
14/02/2017;8,879
15/02/2017;8,8523
16/02/2017;8,869
17/02/2017;8,8645
20/02/2017;8,8568
21/02/2017;8,8138
22/02/2017;8,8153
23/02/2017;8,807
24/02/2017;8,8365
27/02/2017;8,8383
28/02/2017;8,8693
01/03/2017;8,8618
02/03/2017;8,883
03/03/2017;8,9303
06/03/2017;8,9673
07/03/2017;8,9443
08/03/2017;8,9513
09/03/2017;9,0458
10/03/2017;9,1405
13/03/2017;9,1298
14/03/2017;9,151
15/03/2017;9,1353
16/03/2017;9,1588
17/03/2017;9,1023
20/03/2017;9,1278
21/03/2017;9,1253
22/03/2017;9,1463
23/03/2017;9,1478
24/03/2017;9,1793
27/03/2017;9,2188
28/03/2017;9,238
29/03/2017;9,1908
30/03/2017;9,1695
31/03/2017;9,1683
03/04/2017;9,1468
04/04/2017;9,179
05/04/2017;9,1665
06/04/2017;9,1688
07/04/2017;9,1583
10/04/2017;9,1443
11/04/2017;9,1245
12/04/2017;9,1035
18/04/2017;9,1093
19/04/2017;9,1528
20/04/2017;9,212
21/04/2017;9,2478
24/04/2017;9,245
25/04/2017;9,3158
26/04/2017;9,3485
27/04/2017;9,3367
28/04/2017;9,3243
02/05/2017;9,378
03/05/2017;9,3878
04/05/2017;9,4803
05/05/2017;9,5023
08/05/2017;9,4465
09/05/2017;9,4138
10/05/2017;9,4435
11/05/2017;9,333
12/05/2017;9,3665
15/05/2017;9,3325
16/05/2017;9,3918
18/05/2017;9,4113
19/05/2017;9,3923
22/05/2017;9,3723
23/05/2017;9,376
24/05/2017;9,3843
26/05/2017;9,4018
29/05/2017;9,4065
30/05/2017;9,4398
31/05/2017;9,4388
01/06/2017;9,4895
02/06/2017;9,4918
06/06/2017;9,5158
07/06/2017;9,5023
08/06/2017;9,5233
09/06/2017;9,5218
12/06/2017;9,4985
13/06/2017;9,454
14/06/2017;9,414
15/06/2017;9,4718
16/06/2017;9,4615
19/06/2017;9,4518
20/06/2017;9,493
21/06/2017;9,5158
22/06/2017;9,4855
23/06/2017;9,4613
26/06/2017;9,4788
27/06/2017;9,52
28/06/2017;9,602
29/06/2017;9,57
30/06/2017;9,5713
03/07/2017;9,5065
04/07/2017;9,485
05/07/2017;9,4965
06/07/2017;9,5298
07/07/2017;9,5613
10/07/2017;9,5165
11/07/2017;9,512
12/07/2017;9,4688
13/07/2017;9,4518
14/07/2017;9,3843
17/07/2017;9,3558
18/07/2017;9,3065
19/07/2017;9,3018
20/07/2017;9,3
21/07/2017;9,3315
24/07/2017;9,3525
25/07/2017;9,3035
26/07/2017;9,2893
27/07/2017;9,2978
28/07/2017;9,3195
31/07/2017;9,305
01/08/2017;9,3343
02/08/2017;9,3505
03/08/2017;9,3768
04/08/2017;9,3618
07/08/2017;9,38
08/08/2017;9,3225
09/08/2017;9,3398
10/08/2017;9,3355
11/08/2017;9,3975
14/08/2017;9,3478
15/08/2017;9,3538
16/08/2017;9,3115
17/08/2017;9,3243
18/08/2017;9,3183
21/08/2017;9,2903
22/08/2017;9,3023
23/08/2017;9,313
24/08/2017;9,2585
25/08/2017;9,2278
28/08/2017;9,262
29/08/2017;9,2915
30/08/2017;9,2845
31/08/2017;9,279
01/09/2017;9,2555
04/09/2017;9,2933
05/09/2017;9,2788
06/09/2017;9,2765
07/09/2017;9,2938
08/09/2017;9,3093
11/09/2017;9,371
12/09/2017;9,3593
13/09/2017;9,3983
14/09/2017;9,395
15/09/2017;9,3348
18/09/2017;9,341
19/09/2017;9,342
20/09/2017;9,344
21/09/2017;9,3025
22/09/2017;9,3193
25/09/2017;9,2725
26/09/2017;9,2843
27/09/2017;9,3355
28/09/2017;9,3575
29/09/2017;9,4125
02/10/2017;9,377
03/10/2017;9,3885
04/10/2017;9,3533
05/10/2017;9,35
06/10/2017;9,372
09/10/2017;9,3788
10/10/2017;9,3745
11/10/2017;9,379
12/10/2017;9,3601
13/10/2017;9,339
16/10/2017;9,3133
17/10/2017;9,326
18/10/2017;9,3575
19/10/2017;9,419
20/10/2017;9,4145
23/10/2017;9,3883
24/10/2017;9,3883
25/10/2017;9,4383
26/10/2017;9,4865
27/10/2017;9,5348
30/10/2017;9,484
31/10/2017;9,5238
01/11/2017;9,461
02/11/2017;9,4838
03/11/2017;9,4843
06/11/2017;9,438
07/11/2017;9,4543
08/11/2017;9,473
09/11/2017;9,4535
10/11/2017;9,456
13/11/2017;9,4913
14/11/2017;9,5923
15/11/2017;9,751
16/11/2017;9,6553
17/11/2017;9,7163
20/11/2017;9,7298
21/11/2017;9,689
22/11/2017;9,6723
23/11/2017;9,6393
24/11/2017;9,6608
27/11/2017;9,7533
28/11/2017;9,745
29/11/2017;9,741
30/11/2017;9,8398
01/12/2017;9,8753
04/12/2017;9,8668
05/12/2017;9,8228
06/12/2017;9,7575
07/12/2017;9,7503
08/12/2017;9,7665
11/12/2017;9,8825
12/12/2017;9,8245
13/12/2017;9,8253
14/12/2017;9,7783
15/12/2017;9,7828
18/12/2017;9,8573
19/12/2017;9,8875
20/12/2017;9,8683
21/12/2017;9,9738
22/12/2017;9,8963
27/12/2017;9,8605
28/12/2017;9,867
29/12/2017;9,8403
02/01/2018;9,7748
03/01/2018;9,744
04/01/2018;9,7655
05/01/2018;9,7418
08/01/2018;9,6783
09/01/2018;9,6715
10/01/2018;9,6448
11/01/2018;9,6735
12/01/2018;9,659
15/01/2018;9,6708
16/01/2018;9,6308
17/01/2018;9,622
18/01/2018;9,6013
19/01/2018;9,6243
22/01/2018;9,6223
23/01/2018;9,638
24/01/2018;9,6275
25/01/2018;9,5858
26/01/2018;9,5655
29/01/2018;9,5548
30/01/2018;9,5628
31/01/2018;9,562
01/02/2018;9,5705
02/02/2018;9,5663
05/02/2018;9,6108
06/02/2018;9,7005
07/02/2018;9,6618
08/02/2018;9,686
09/02/2018;9,7983
12/02/2018;9,7475
13/02/2018;9,7418
14/02/2018;9,7148
15/02/2018;9,735
16/02/2018;9,681
19/02/2018;9,6575
20/02/2018;9,6683
21/02/2018;9,642
22/02/2018;9,6893
23/02/2018;9,677
26/02/2018;9,6303
27/02/2018;9,629
28/02/2018;9,6153
01/03/2018;9,66
02/03/2018;9,6178
05/03/2018;9,6335
06/03/2018;9,613
07/03/2018;9,6775
08/03/2018;9,7135
09/03/2018;9,5948
12/03/2018;9,5645
13/03/2018;9,5808
14/03/2018;9,5728
15/03/2018;9,5078
16/03/2018;9,491
19/03/2018;9,5205
20/03/2018;9,4863
21/03/2018;9,5028
22/03/2018;9,5308
23/03/2018;9,5715
26/03/2018;9,5613
27/03/2018;9,5603
28/03/2018;9,6423
03/04/2018;9,6338
04/04/2018;9,6345
05/04/2018;9,5875
06/04/2018;9,586
09/04/2018;9,5883
10/04/2018;9,647
11/04/2018;9,6213
12/04/2018;9,5973
13/04/2018;9,5643
16/04/2018;9,595
17/04/2018;9,598
18/04/2018;9,6095
19/04/2018;9,5825
20/04/2018;9,605
23/04/2018;9,6258
24/04/2018;9,629
25/04/2018;9,705
26/04/2018;9,6735
27/04/2018;9,659
30/04/2018;9,662
02/05/2018;9,6958
03/05/2018;9,6465
04/05/2018;9,644
07/05/2018;9,619
08/05/2018;9,6233
09/05/2018;9,6045
11/05/2018;9,5425
14/05/2018;9,5653
15/05/2018;9,5673
16/05/2018;9,5715
18/05/2018;9,5773
22/05/2018;9,49
23/05/2018;9,5063
24/05/2018;9,481
25/05/2018;9,4888
28/05/2018;9,5113
29/05/2018;9,5618
30/05/2018;9,5463
31/05/2018;9,5375
01/06/2018;9,5323
04/06/2018;9,503
05/06/2018;9,5008
06/06/2018;9,5238
07/06/2018;9,5013
08/06/2018;9,5085
11/06/2018;9,5013
12/06/2018;9,4435
13/06/2018;9,4373
14/06/2018;9,4268
15/06/2018;9,432
18/06/2018;9,434
19/06/2018;9,4895
20/06/2018;9,4693
21/06/2018;9,4253
22/06/2018;9,4328
25/06/2018;9,4703
26/06/2018;9,4718
27/06/2018;9,4785
28/06/2018;9,474
29/06/2018;9,5115
02/07/2018;9,5015
03/07/2018;9,4655
04/07/2018;9,4433
05/07/2018;9,441
06/07/2018;9,4425
09/07/2018;9,4218
10/07/2018;9,4145
11/07/2018;9,4458
12/07/2018;9,4443
13/07/2018;9,483
16/07/2018;9,479
17/07/2018;9,4875
18/07/2018;9,5023
19/07/2018;9,5763
20/07/2018;9,5905
23/07/2018;9,5533
24/07/2018;9,5605
25/07/2018;9,5485
26/07/2018;9,5455
27/07/2018;9,5358
30/07/2018;9,529
31/07/2018;9,5338
01/08/2018;9,538
02/08/2018;9,546
03/08/2018;9,541
06/08/2018;9,5325
07/08/2018;9,5003
08/08/2018;9,5303
09/08/2018;9,5443
10/08/2018;9,533
13/08/2018;9,5295
14/08/2018;9,5275
15/08/2018;9,5508
16/08/2018;9,613
17/08/2018;9,6795
20/08/2018;9,672
21/08/2018;9,705
22/08/2018;9,6808
23/08/2018;9,6483
24/08/2018;9,6938
27/08/2018;9,6988
28/08/2018;9,7243
29/08/2018;9,7475
30/08/2018;9,72
31/08/2018;9,7148
03/09/2018;9,702
04/09/2018;9,717
05/09/2018;9,7485
06/09/2018;9,776
07/09/2018;9,7745
10/09/2018;9,703
11/09/2018;9,679
12/09/2018;9,6328
13/09/2018;9,573
14/09/2018;9,6245
17/09/2018;9,562
18/09/2018;9,5473
19/09/2018;9,547
20/09/2018;9,5885
21/09/2018;9,5793
24/09/2018;9,5693
25/09/2018;9,5713
26/09/2018;9,5465
27/09/2018;9,5015
28/09/2018;9,4665
01/10/2018;9,4465
02/10/2018;9,4393
03/10/2018;9,4443
04/10/2018;9,4643
05/10/2018;9,5133
08/10/2018;9,5083
09/10/2018;9,4915
10/10/2018;9,4468
11/10/2018;9,5063
12/10/2018;9,4675
15/10/2018;9,4598
16/10/2018;9,4198
17/10/2018;9,4293
18/10/2018;9,4598
19/10/2018;9,4518
22/10/2018;9,4688
23/10/2018;9,5053
24/10/2018;9,4868
25/10/2018;9,4898
26/10/2018;9,516
29/10/2018;9,513
30/10/2018;9,5435
31/10/2018;9,5528
01/11/2018;9,515
02/11/2018;9,5143
05/11/2018;9,524
06/11/2018;9,5448
07/11/2018;9,5328
08/11/2018;9,5078
09/11/2018;9,5418
12/11/2018;9,5378
13/11/2018;9,5563
14/11/2018;9,599
15/11/2018;9,6028
16/11/2018;9,6118
19/11/2018;9,6493
20/11/2018;9,7135
21/11/2018;9,729
22/11/2018;9,7398
23/11/2018;9,7365
26/11/2018;9,729
27/11/2018;9,7325
28/11/2018;9,7085
29/11/2018;9,7318
30/11/2018;9,74
03/12/2018;9,6893
04/12/2018;9,6473
05/12/2018;9,648
06/12/2018;9,7028
07/12/2018;9,697
10/12/2018;9,6885
11/12/2018;9,7038
12/12/2018;9,7265
13/12/2018;9,7388
14/12/2018;9,7235
17/12/2018;9,7838
18/12/2018;9,8835
19/12/2018;9,9375
20/12/2018;9,897
21/12/2018;9,9428
27/12/2018;9,9698
28/12/2018;9,9738
31/12/2018;9,9483
02/01/2019;9,9108
03/01/2019;9,9113
04/01/2019;9,8648
07/01/2019;9,8018
08/01/2019;9,775
09/01/2019;9,7668
10/01/2019;9,7493
11/01/2019;9,7578
14/01/2019;9,7868
15/01/2019;9,7615
16/01/2019;9,7358
17/01/2019;9,758
18/01/2019;9,7218
21/01/2019;9,7438
22/01/2019;9,7628
23/01/2019;9,7563
24/01/2019;9,7278
25/01/2019;9,7045
28/01/2019;9,732
29/01/2019;9,7035
30/01/2019;9,6938
31/01/2019;9,6623
01/02/2019;9,6685
04/02/2019;9,703
05/02/2019;9,6783
06/02/2019;9,6918
07/02/2019;9,7253
08/02/2019;9,7693
11/02/2019;9,819
12/02/2019;9,795
13/02/2019;9,761
14/02/2019;9,7585
15/02/2019;9,769
18/02/2019;9,7508
19/02/2019;9,746
20/02/2019;9,7335
21/02/2019;9,7808
22/02/2019;9,7643
25/02/2019;9,762
26/02/2019;9,7725
27/02/2019;9,7123
28/02/2019;9,7268
01/03/2019;9,7268
04/03/2019;9,7633
05/03/2019;9,8023
06/03/2019;9,804
07/03/2019;9,786
08/03/2019;9,8733
11/03/2019;9,77
12/03/2019;9,7365
13/03/2019;9,7245
14/03/2019;9,7155
15/03/2019;9,688
18/03/2019;9,672
19/03/2019;9,6745
20/03/2019;9,6915
21/03/2019;9,6178
22/03/2019;9,6423
25/03/2019;9,659
26/03/2019;9,6398
27/03/2019;9,695
28/03/2019;9,738
29/03/2019;9,659
01/04/2019;9,638
02/04/2019;9,6445
03/04/2019;9,6218
04/04/2019;9,6308
05/04/2019;9,661
08/04/2019;9,6305
09/04/2019;9,619
10/04/2019;9,5895
11/04/2019;9,5885
12/04/2019;9,602
15/04/2019;9,6018
16/04/2019;9,5869
17/04/2019;9,5778
23/04/2019;9,5845
24/04/2019;9,607
25/04/2019;9,6638
26/04/2019;9,6653
29/04/2019;9,6883
30/04/2019;9,6678
02/05/2019;9,745
03/05/2019;9,7783
06/05/2019;9,7905
07/05/2019;9,7605
08/05/2019;9,8285
09/05/2019;9,8068
10/05/2019;9,8193
13/05/2019;9,8148
14/05/2019;9,799
15/05/2019;9,8003
16/05/2019;9,7513
20/05/2019;9,7978
21/05/2019;9,7913
22/05/2019;9,7598
23/05/2019;9,7543
24/05/2019;9,7558
27/05/2019;9,7523
28/05/2019;9,7165
29/05/2019;9,773
31/05/2019;9,7915
03/06/2019;9,7778
04/06/2019;9,786
05/06/2019;9,7738
06/06/2019;9,8083
07/06/2019;9,7963
11/06/2019;9,77
12/06/2019;9,782
13/06/2019;9,772
14/06/2019;9,7728
17/06/2019;9,7938
18/06/2019;9,7795
19/06/2019;9,7815
20/06/2019;9,6678
21/06/2019;9,686
24/06/2019;9,6643
25/06/2019;9,6855
26/06/2019;9,6733
27/06/2019;9,6843
28/06/2019;9,6938
01/07/2019;9,6848
02/07/2019;9,6715
03/07/2019;9,6593
04/07/2019;9,6298
05/07/2019;9,6325
08/07/2019;9,684
09/07/2019;9,6983
10/07/2019;9,693
11/07/2019;9,6323
12/07/2019;9,6208
15/07/2019;9,6223
16/07/2019;9,5933
17/07/2019;9,622
18/07/2019;9,6438
19/07/2019;9,6138
22/07/2019;9,6275
23/07/2019;9,681
24/07/2019;9,6355
25/07/2019;9,6058
26/07/2019;9,6913
29/07/2019;9,6935
30/07/2019;9,7368
31/07/2019;9,7778
01/08/2019;9,812
02/08/2019;9,9105
05/08/2019;9,972
06/08/2019;9,9545
07/08/2019;9,996
08/08/2019;10,018
09/08/2019;9,9588
12/08/2019;10,0003
13/08/2019;10,0078
14/08/2019;10,0035
15/08/2019;10,0145
16/08/2019;9,9653
19/08/2019;9,9658
20/08/2019;9,9638
21/08/2019;9,9263
22/08/2019;9,939
23/08/2019;9,9593
26/08/2019;9,9873
27/08/2019;9,992
28/08/2019;10,011
29/08/2019;10,0365
30/08/2019;10,038
02/09/2019;9,9788
03/09/2019;10,019
04/09/2019;9,9838
05/09/2019;9,9332
06/09/2019;9,923
09/09/2019;9,8663
10/09/2019;9,9125
11/09/2019;9,8745
12/09/2019;9,8543
13/09/2019;9,9213
16/09/2019;9,9043
17/09/2019;9,8715
18/09/2019;9,8905
19/09/2019;9,8905
20/09/2019;9,9423
23/09/2019;9,9723
24/09/2019;9,9225
25/09/2019;9,931
26/09/2019;9,9235
27/09/2019;9,9155
30/09/2019;9,8953
01/10/2019;9,9463
02/10/2019;9,993
03/10/2019;10,0165
04/10/2019;9,9915
07/10/2019;10,0388
08/10/2019;10,045
09/10/2019;10,0528
10/10/2019;10,0535
11/10/2019;10,0375
14/10/2019;10,0463
15/10/2019;10,0653
16/10/2019;10,1465
17/10/2019;10,1925
18/10/2019;10,2198
21/10/2019;10,1638
22/10/2019;10,1833
23/10/2019;10,1775
24/10/2019;10,1368
25/10/2019;10,1865
28/10/2019;10,2105
29/10/2019;10,2748
30/10/2019;10,2488
31/10/2019;10,252
01/11/2019;10,1638
04/11/2019;10,1668
05/11/2019;10,1525
06/11/2019;10,126
07/11/2019;10,0715
08/11/2019;10,0893
11/11/2019;10,091
12/11/2019;10,0798
13/11/2019;10,139
14/11/2019;10,1198
15/11/2019;10,0345
18/11/2019;10,086
19/11/2019;10,0853
20/11/2019;10,1455
21/11/2019;10,1018
22/11/2019;10,1083
25/11/2019;10,1065
26/11/2019;10,0968
27/11/2019;10,102
28/11/2019;10,113
29/11/2019;10,1045
02/12/2019;10,1353
03/12/2019;10,1668
04/12/2019;10,1723
05/12/2019;10,1613
06/12/2019;10,1235
09/12/2019;10,1238
10/12/2019;10,1823
11/12/2019;10,1495
12/12/2019;10,135
13/12/2019;10,063
16/12/2019;10,028
17/12/2019;10,0648
18/12/2019;10,0353
19/12/2019;9,9785
20/12/2019;9,9463
23/12/2019;9,913
27/12/2019;9,8578
30/12/2019;9,846
31/12/2019;9,8638
02/01/2020;9,8408
03/01/2020;9,8315
06/01/2020;9,8488
07/01/2020;9,8548
08/01/2020;9,8508
09/01/2020;9,8665
10/01/2020;9,8745
13/01/2020;9,8955
14/01/2020;9,892
15/01/2020;9,882
16/01/2020;9,9058
17/01/2020;9,889
20/01/2020;9,8815
21/01/2020;9,936
22/01/2020;9,959
23/01/2020;9,9678
24/01/2020;9,9375
27/01/2020;10,0363
28/01/2020;10,0758
29/01/2020;10,0563
30/01/2020;10,1738
31/01/2020;10,1893
03/02/2020;10,259
04/02/2020;10,1948
05/02/2020;10,1173
06/02/2020;10,1288
07/02/2020;10,1673
10/02/2020;10,1188
11/02/2020;10,0953
12/02/2020;10,0445
13/02/2020;10,0415
14/02/2020;10,0258
17/02/2020;10,0373
18/02/2020;10,0883
19/02/2020;10,0178
20/02/2020;10,0455
21/02/2020;10,0873
24/02/2020;10,1328
25/02/2020;10,16
26/02/2020;10,2113
27/02/2020;10,2918
28/02/2020;10,3888
02/03/2020;10,4043
03/03/2020;10,3328
04/03/2020;10,3051
05/03/2020;10,371
06/03/2020;10,4983
09/03/2020;10,89
10/03/2020;10,8433
11/03/2020;10,8558
12/03/2020;11,3682
13/03/2020;11,0966
16/03/2020;11,4765
17/03/2020;11,5063
18/03/2020;11,701
19/03/2020;12,3165
20/03/2020;12,1215
23/03/2020;12,2568
24/03/2020;11,9745
25/03/2020;11,7745
26/03/2020;11,5273
27/03/2020;11,6558
30/03/2020;11,6888
31/03/2020;11,51
01/04/2020;11,2685
02/04/2020;11,2345
03/04/2020;11,2628
06/04/2020;11,3875
07/04/2020;11,0945
08/04/2020;11,194
14/04/2020;11,3118
15/04/2020;11,4503
16/04/2020;11,4145
17/04/2020;11,2845
20/04/2020;11,2698
21/04/2020;11,4843
22/04/2020;11,6775
23/04/2020;11,5165
24/04/2020;11,4785
27/04/2020;11,4513
28/04/2020;11,2783
29/04/2020;11,2728
30/04/2020;11,184
04/05/2020;11,328
05/05/2020;11,173
06/05/2020;11,09
07/05/2020;11,0405
08/05/2020;11,0695
11/05/2020;11,046
12/05/2020;11,0518
13/05/2020;10,938
14/05/2020;11,0598
15/05/2020;11,0568
18/05/2020;10,9663
19/05/2020;10,9153
20/05/2020;10,8765
22/05/2020;10,9078
25/05/2020;10,9358
26/05/2020;10,8943
27/05/2020;10,8283
28/05/2020;10,8553
29/05/2020;10,788
02/06/2020;10,6798
03/06/2020;10,6777
04/06/2020;10,6048
05/06/2020;10,5403
08/06/2020;10,4603
09/06/2020;10,5418
10/06/2020;10,5383
11/06/2020;10,72
12/06/2020;10,8475
15/06/2020;10,8894
16/06/2020;10,7389
17/06/2020;10,705
18/06/2020;10,7083
19/06/2020;10,7135
22/06/2020;10,7985
23/06/2020;10,7345
24/06/2020;10,7958
25/06/2020;10,8748
26/06/2020;10,885
29/06/2020;10,9013
30/06/2020;10,912
01/07/2020;10,7736
02/07/2020;10,6873
03/07/2020;10,6775
06/07/2020;10,6218
07/07/2020;10,6428
08/07/2020;10,6885
09/07/2020;10,6173
10/07/2020;10,7163
13/07/2020;10,665
14/07/2020;10,711
15/07/2020;10,6275
16/07/2020;10,6148
17/07/2020;10,5995
20/07/2020;10,606
21/07/2020;10,4933
22/07/2020;10,5343
23/07/2020;10,6073
24/07/2020;10,6953
27/07/2020;10,6683
28/07/2020;10,694
29/07/2020;10,6573
30/07/2020;10,7213
31/07/2020;10,7323
03/08/2020;10,7188
04/08/2020;10,7568
05/08/2020;10,6585
06/08/2020;10,6538
07/08/2020;10,6433
10/08/2020;10,629
11/08/2020;10,5658
12/08/2020;10,5463
13/08/2020;10,5148
14/08/2020;10,5403
17/08/2020;10,512
18/08/2020;10,501
19/08/2020;10,5455
20/08/2020;10,6068
21/08/2020;10,5913
24/08/2020;10,6188
25/08/2020;10,5688
26/08/2020;10,5603
27/08/2020;10,5178
28/08/2020;10,47
31/08/2020;10,455
01/09/2020;10,4378
02/09/2020;10,406
03/09/2020;10,5315
04/09/2020;10,5768
07/09/2020;10,5453
08/09/2020;10,6713
09/09/2020;10,715
10/09/2020;10,687
11/09/2020;10,7028
14/09/2020;10,6933
15/09/2020;10,6963
16/09/2020;10,6608
17/09/2020;10,7238
18/09/2020;10,7538
21/09/2020;10,884
22/09/2020;10,9528
23/09/2020;10,9938
24/09/2020;11,1023
25/09/2020;11,1445
28/09/2020;11,058
29/09/2020;11,0543
30/09/2020;11,1008
01/10/2020;10,9073
02/10/2020;10,904
05/10/2020;10,8855
06/10/2020;10,8603
07/10/2020;10,9313
08/10/2020;10,9038
09/10/2020;10,8623
12/10/2020;10,7925
13/10/2020;10,7923
14/10/2020;10,8218
15/10/2020;10,9678
16/10/2020;10,957
19/10/2020;10,947
20/10/2020;10,9698
21/10/2020;10,9315
22/10/2020;10,9325
23/10/2020;10,9178
26/10/2020;10,9465
27/10/2020;10,8398
28/10/2020;10,9693
29/10/2020;11,1495
30/10/2020;11,094
02/11/2020;11,1128
03/11/2020;11,0103
04/11/2020;10,9583
05/11/2020;10,85
06/11/2020;10,9203
09/11/2020;10,7101
10/11/2020;10,6618
11/11/2020;10,6773
12/11/2020;10,7658
13/11/2020;10,8123
16/11/2020;10,731
17/11/2020;10,7683
18/11/2020;10,7115
19/11/2020;10,69
20/11/2020;10,6613
23/11/2020;10,6903
24/11/2020;10,6768
25/11/2020;10,5488
26/11/2020;10,5705
27/11/2020;10,563
30/11/2020;10,561
01/12/2020;10,6028
02/12/2020;10,7003
03/12/2020;10,707
04/12/2020;10,6598
07/12/2020;10,6328
08/12/2020;10,6283
09/12/2020;10,5763
10/12/2020;10,7
11/12/2020;10,6968
14/12/2020;10,5833
15/12/2020;10,614
16/12/2020;10,5788
17/12/2020;10,5015
18/12/2020;10,5163
21/12/2020;10,6518
22/12/2020;10,5938
23/12/2020;10,6238
28/12/2020;10,5713
29/12/2020;10,55
30/12/2020;10,547
31/12/2020;10,4703
04/01/2021;10,444
05/01/2021;10,4713
06/01/2021;10,381
07/01/2021;10,3435
08/01/2021;10,2863
11/01/2021;10,368
12/01/2021;10,3765
13/01/2021;10,339
14/01/2021;10,3108
15/01/2021;10,3135
18/01/2021;10,3858
19/01/2021;10,3423
20/01/2021;10,323
21/01/2021;10,2513
22/01/2021;10,3308
25/01/2021;10,3478
26/01/2021;10,3873
27/01/2021;10,4555
28/01/2021;10,5205
29/01/2021;10,343
01/02/2021;10,389
02/02/2021;10,3463
03/02/2021;10,354
04/02/2021;10,338
05/02/2021;10,3068
08/02/2021;10,2725
09/02/2021;10,2588
10/02/2021;10,228
11/02/2021;10,2595
12/02/2021;10,285
15/02/2021;10,1963
16/02/2021;10,1938
17/02/2021;10,2113
18/02/2021;10,2178
19/02/2021;10,2095
22/02/2021;10,3185
23/02/2021;10,319
24/02/2021;10,2483
25/02/2021;10,2275
26/02/2021;10,4012
01/03/2021;10,36
02/03/2021;10,2555
03/03/2021;10,2451
04/03/2021;10,2595
05/03/2021;10,211
08/03/2021;10,1785
09/03/2021;10,0838
10/03/2021;10,0813
11/03/2021;10,091
12/03/2021;10,0863
15/03/2021;10,0988
16/03/2021;10,1028
17/03/2021;10,1213
18/03/2021;10,1058
19/03/2021;10,2018
22/03/2021;10,1393
23/03/2021;10,1783
24/03/2021;10,1563
25/03/2021;10,1653
26/03/2021;10,1258
29/03/2021;10,0738
30/03/2021;10,0613
31/03/2021;9,9955
06/04/2021;10,0768
07/04/2021;10,0535
08/04/2021;10,078
09/04/2021;10,113
12/04/2021;10,094
13/04/2021;10,1675
14/04/2021;10,0745
15/04/2021;10,0433
16/04/2021;10,018
19/04/2021;9,9733
20/04/2021;9,9965
21/04/2021;10,0423
22/04/2021;10,0475
23/04/2021;10,043
26/04/2021;10,0358
27/04/2021;10,0073
28/04/2021;9,9795
29/04/2021;9,9145
30/04/2021;9,9533
03/05/2021;10,016
04/05/2021;10,0123
05/05/2021;9,9848
06/05/2021;10,0558
07/05/2021;10,0125
10/05/2021;10,0008
11/05/2021;10,032
12/05/2021;10,0263
14/05/2021;10,0074
18/05/2021;10,0125
19/05/2021;10,1058
20/05/2021;10,1775
21/05/2021;10,142
25/05/2021;10,1965
26/05/2021;10,178
27/05/2021;10,1953
28/05/2021;10,179
31/05/2021;10,2183
01/06/2021;10,1113
02/06/2021;10,1393
03/06/2021;10,1501
04/06/2021;10,156
07/06/2021;10,0483
08/06/2021;10,048
09/06/2021;10,0518
10/06/2021;10,1118
11/06/2021;10,0828
14/06/2021;10,0828
15/06/2021;10,0823
16/06/2021;10,1208
17/06/2021;10,1973
18/06/2021;10,2868
21/06/2021;10,2673
22/06/2021;10,2198
23/06/2021;10,1725
24/06/2021;10,174
25/06/2021;10,136
28/06/2021;10,1763
29/06/2021;10,1893
30/06/2021;10,1717
01/07/2021;10,2105
02/07/2021;10,2375
05/07/2021;10,1778
06/07/2021;10,215
07/07/2021;10,2475
08/07/2021;10,4138
09/07/2021;10,3355
12/07/2021;10,328
13/07/2021;10,3085
14/07/2021;10,332
15/07/2021;10,3803
16/07/2021;10,3878
19/07/2021;10,538
20/07/2021;10,617
21/07/2021;10,5808
22/07/2021;10,3795
23/07/2021;10,4065
26/07/2021;10,427
27/07/2021;10,4423
28/07/2021;10,4828
29/07/2021;10,3993
30/07/2021;10,4405
02/08/2021;10,4515
03/08/2021;10,4343
04/08/2021;10,455
05/08/2021;10,441
06/08/2021;10,423
09/08/2021;10,4885
10/08/2021;10,468
11/08/2021;10,4548
12/08/2021;10,3755
13/08/2021;10,3753
16/08/2021;10,4048
17/08/2021;10,3983
18/08/2021;10,422
19/08/2021;10,545
20/08/2021;10,6
23/08/2021;10,487
24/08/2021;10,4003
25/08/2021;10,3863
26/08/2021;10,3615
27/08/2021;10,3575
30/08/2021;10,2395
31/08/2021;10,26
01/09/2021;10,2633
02/09/2021;10,2938
03/09/2021;10,2738
06/09/2021;10,2728
07/09/2021;10,299
08/09/2021;10,265
09/09/2021;10,2648
10/09/2021;10,2028
13/09/2021;10,1885
14/09/2021;10,1745
15/09/2021;10,1418
16/09/2021;10,1293
17/09/2021;10,1208
20/09/2021;10,243
21/09/2021;10,1828
22/09/2021;10,1268
23/09/2021;10,086
24/09/2021;10,089
27/09/2021;10,0655
28/09/2021;10,102
29/09/2021;10,143
30/09/2021;10,165
01/10/2021;10,0204
04/10/2021;9,977
05/10/2021;9,9155
06/10/2021;9,923
07/10/2021;9,9388
08/10/2021;9,8855
11/10/2021;9,888
12/10/2021;9,8608
13/10/2021;9,8555
14/10/2021;9,7928
15/10/2021;9,7625
18/10/2021;9,7643
19/10/2021;9,734
20/10/2021;9,7435
21/10/2021;9,7065
22/10/2021;9,7075
25/10/2021;9,7098
26/10/2021;9,6828
27/10/2021;9,7368
28/10/2021;9,7468
29/10/2021;9,7495
01/11/2021;9,7368
02/11/2021;9,792
03/11/2021;9,861
04/11/2021;9,859
05/11/2021;9,8878
08/11/2021;9,8745
09/11/2021;9,8555
10/11/2021;9,8848
11/11/2021;9,9695
12/11/2021;9,9508
15/11/2021;9,9173
16/11/2021;9,8863
17/11/2021;9,8895
18/11/2021;9,9523
19/11/2021;10,0483
22/11/2021;10,0715
23/11/2021;10,071
24/11/2021;10,026
25/11/2021;10,0655
26/11/2021;10,1613
29/11/2021;10,214
30/11/2021;10,2795
01/12/2021;10,2195
02/12/2021;10,2962
03/12/2021;10,2875
06/12/2021;10,2943
07/12/2021;10,19
08/12/2021;10,096
09/12/2021;10,155
10/12/2021;10,1335
13/12/2021;10,1598
14/12/2021;10,2475
15/12/2021;10,2278
16/12/2021;10,1458
17/12/2021;10,1783
20/12/2021;10,1915
21/12/2021;10,1488
22/12/2021;10,0613
23/12/2021;10,0113
27/12/2021;10,0405
28/12/2021;9,9728
29/12/2021;9,9883
30/12/2021;9,9703
31/12/2021;9,9888
03/01/2022;10,0013
04/01/2022;10,0138
05/01/2022;9,9672
06/01/2022;10,035
07/01/2022;10,0288
10/01/2022;10,0253
11/01/2022;10,0165
12/01/2022;9,927
13/01/2022;9,9333
14/01/2022;9,9863
17/01/2022;9,9623
18/01/2022;9,9638
19/01/2022;9,9368
20/01/2022;9,9578
21/01/2022;10,0523
24/01/2022;10,1638
25/01/2022;10,1385
26/01/2022;10,0115
27/01/2022;9,9903
28/01/2022;10,026
31/01/2022;10,0085
01/02/2022;9,9638
02/02/2022;9,9228
03/02/2022;9,9545
04/02/2022;10,0483
07/02/2022;10,0658
08/02/2022;10,0758
09/02/2022;10,0585
10/02/2022;10,0693
11/02/2022;10,0732
14/02/2022;10,0693
15/02/2022;10,0893
16/02/2022;10,1095
17/02/2022;10,1225
18/02/2022;10,1465
21/02/2022;10,1738
22/02/2022;10,1018
23/02/2022;10,0335
24/02/2022;10,0878
25/02/2022;9,9756
28/02/2022;9,9465
01/03/2022;9,8598
02/03/2022;9,8826
03/03/2022;9,8418
04/03/2022;9,8358
07/03/2022;9,8325
08/03/2022;9,7925
09/03/2022;9,798
10/03/2022;9,919
11/03/2022;9,8033
14/03/2022;9,8588
15/03/2022;9,849
16/03/2022;9,7988
17/03/2022;9,78
18/03/2022;9,694
21/03/2022;9,6575
22/03/2022;9,6233
23/03/2022;9,6425
24/03/2022;9,4923
25/03/2022;9,5205
28/03/2022;9,5123
29/03/2022;9,5995
30/03/2022;9,6398
31/03/2022;9,711
01/04/2022;9,6628
04/04/2022;9,5489
05/04/2022;9,5398
06/04/2022;9,5523
07/04/2022;9,5595
08/04/2022;9,508
11/04/2022;9,5478
12/04/2022;9,5395
13/04/2022;9,5693
19/04/2022;9,5228
20/04/2022;9,5443
21/04/2022;9,5788
22/04/2022;9,6255
25/04/2022;9,7018
26/04/2022;9,7943
27/04/2022;9,7838
28/04/2022;9,899
29/04/2022;9,7525
02/05/2022;9,9248
03/05/2022;9,909
04/05/2022;9,9042
05/05/2022;9,8463
06/05/2022;9,9808
09/05/2022;10,0583
10/05/2022;10,2315
11/05/2022;10,1793
12/05/2022;10,2898
13/05/2022;10,2043
16/05/2022;10,2188
18/05/2022;10,2125
19/05/2022;10,3102
20/05/2022;10,262
23/05/2022;10,252
24/05/2022;10,289
25/05/2022;10,2704
27/05/2022;10,179
30/05/2022;10,1256
31/05/2022;10,0983
01/06/2022;10,0438
02/06/2022;10,0845
03/06/2022;10,103
07/06/2022;10,1843
08/06/2022;10,1395
09/06/2022;10,1818
10/06/2022;10,1495
13/06/2022;10,3222
14/06/2022;10,3945
15/06/2022;10,3868
16/06/2022;10,4588
17/06/2022;10,4525
20/06/2022;10,4085
21/06/2022;10,3283
22/06/2022;10,5045
23/06/2022;10,475
24/06/2022;10,4345
27/06/2022;10,408
28/06/2022;10,337
29/06/2022;10,3065
30/06/2022;10,3485
01/07/2022;10,3651
04/07/2022;10,2958
05/07/2022;10,285
06/07/2022;10,2803
07/07/2022;10,291
08/07/2022;10,263
11/07/2022;10,299
12/07/2022;10,2754
13/07/2022;10,2428
14/07/2022;10,2536
15/07/2022;10,2763
18/07/2022;10,2553
19/07/2022;10,176
20/07/2022;10,1323
21/07/2022;10,175
22/07/2022;10,1498
25/07/2022;10,0704
26/07/2022;10,0105
27/07/2022;9,9558
28/07/2022;9,8983
29/07/2022;9,8773
01/08/2022;9,8638
02/08/2022;9,9305
03/08/2022;9,8743
04/08/2022;9,9065
05/08/2022;9,982
08/08/2022;9,9405
09/08/2022;9,9365
10/08/2022;9,9118
11/08/2022;9,804
12/08/2022;9,813
15/08/2022;9,871
16/08/2022;9,8428
17/08/2022;9,8428
18/08/2022;9,8283
19/08/2022;9,8418
22/08/2022;9,7719
23/08/2022;9,7438
24/08/2022;9,636
25/08/2022;9,64
26/08/2022;9,667
29/08/2022;9,7675
30/08/2022;9,7553
31/08/2022;9,9388
01/09/2022;10,013
02/09/2022;10,0035
05/09/2022;9,9188
06/09/2022;9,8945
07/09/2022;9,9483
08/09/2022;10,0615
09/09/2022;9,9836
12/09/2022;9,9718
13/09/2022;9,9988
14/09/2022;10,1125
15/09/2022;10,1203
16/09/2022;10,1985
19/09/2022;10,2826
20/09/2022;10,273
21/09/2022;10,2858
22/09/2022;10,235
23/09/2022;10,2335
26/09/2022;10,3585
27/09/2022;10,3473
28/09/2022;10,4576
29/09/2022;10,4518
30/09/2022;10,5838
03/10/2022;10,5655
04/10/2022;10,4915
05/10/2022;10,4858
06/10/2022;10,4278
07/10/2022;10,4498
10/10/2022;10,3378
11/10/2022;10,4235
12/10/2022;10,4145
13/10/2022;10,3525
14/10/2022;10,3323
17/10/2022;10,342
18/10/2022;10,3528
19/10/2022;10,3823
20/10/2022;10,402
21/10/2022;10,4315
24/10/2022;10,392
25/10/2022;10,391
26/10/2022;10,3408
27/10/2022;10,342
28/10/2022;10,2695
31/10/2022;10,3028
01/11/2022;10,1835
02/11/2022;10,2388
03/11/2022;10,3543
04/11/2022;10,2019
07/11/2022;10,2555
08/11/2022;10,2795
09/11/2022;10,322
10/11/2022;10,3615
11/11/2022;10,2635
14/11/2022;10,3143
15/11/2022;10,357
16/11/2022;10,3675
17/11/2022;10,498
18/11/2022;10,486
21/11/2022;10,4898
22/11/2022;10,4445
23/11/2022;10,3659
24/11/2022;10,3435
25/11/2022;10,2985
28/11/2022;10,364
29/11/2022;10,3313
30/11/2022;10,2648
01/12/2022;10,2495
02/12/2022;10,2615
05/12/2022;10,3366
06/12/2022;10,4408
07/12/2022;10,5255
08/12/2022;10,488
09/12/2022;10,5345
12/12/2022;10,5548
13/12/2022;10,4679
14/12/2022;10,362
15/12/2022;10,4013
16/12/2022;10,4833
19/12/2022;10,5025
20/12/2022;10,5098
21/12/2022;10,4309
22/12/2022;10,4123
23/12/2022;10,4448
27/12/2022;10,4895
28/12/2022;10,4495
29/12/2022;10,55
30/12/2022;10,5138
02/01/2023;10,5135
03/01/2023;10,528
04/01/2023;10,738
05/01/2023;10,7248
06/01/2023;10,807
09/01/2023;10,6108
10/01/2023;10,6785
11/01/2023;10,738
12/01/2023;10,7228
13/01/2023;10,6945
16/01/2023;10,6945
17/01/2023;10,7463
18/01/2023;10,6553
19/01/2023;10,746
20/01/2023;10,7135
23/01/2023;10,6835
24/01/2023;10,7193
25/01/2023;10,7896
26/01/2023;10,762
27/01/2023;10,76
30/01/2023;10,7925
31/01/2023;10,9083
01/02/2023;10,8569
02/02/2023;10,9535
03/02/2023;10,9783
06/02/2023;11,0428
07/02/2023;11,1253
08/02/2023;11,026
09/02/2023;10,9123
10/02/2023;10,871
13/02/2023;10,8213
14/02/2023;10,8778
15/02/2023;10,9193
16/02/2023;10,9513
17/02/2023;11,015
20/02/2023;10,9683
21/02/2023;10,9468
22/02/2023;10,9665
23/02/2023;10,9545
24/02/2023;10,937
27/02/2023;10,9635
28/02/2023;10,9713
01/03/2023;11,0365
02/03/2023;11,085
03/03/2023;11,061
06/03/2023;11,1109
07/03/2023;11,1935
08/03/2023;11,2205
09/03/2023;11,2715
10/03/2023;11,29
13/03/2023;11,3893
14/03/2023;11,335
15/03/2023;11,34
16/03/2023;11,4487
17/03/2023;11,4218
20/03/2023;11,421
21/03/2023;11,3125
22/03/2023;11,332
23/03/2023;11,284
24/03/2023;11,3065
27/03/2023;11,338
28/03/2023;11,324
29/03/2023;11,3005
30/03/2023;11,357
31/03/2023;11,394
03/04/2023;11,2515
04/04/2023;11,2345
05/04/2023;11,399
11/04/2023;11,5435
12/04/2023;11,4745
13/04/2023;11,457
14/04/2023;11,402
17/04/2023;11,364
18/04/2023;11,4675
19/04/2023;11,5335
20/04/2023;11,604
21/04/2023;11,6505
24/04/2023;11,647